-- phpMyAdmin SQL Dump
-- version 5.2.1
-- https://www.phpmyadmin.net/
--
-- Servidor: 127.0.0.1
-- Tiempo de generación: 06-05-2023 a las 20:15:03
-- Versión del servidor: 10.4.28-MariaDB
-- Versión de PHP: 8.2.4

SET SQL_MODE = "NO_AUTO_VALUE_ON_ZERO";
START TRANSACTION;
SET time_zone = "+00:00";


/*!40101 SET @OLD_CHARACTER_SET_CLIENT=@@CHARACTER_SET_CLIENT */;
/*!40101 SET @OLD_CHARACTER_SET_RESULTS=@@CHARACTER_SET_RESULTS */;
/*!40101 SET @OLD_COLLATION_CONNECTION=@@COLLATION_CONNECTION */;
/*!40101 SET NAMES utf8mb4 */;

--
-- Base de datos: `datacredito2`
--

-- --------------------------------------------------------

--
-- Estructura de tabla para la tabla `documentopn`
--

CREATE TABLE `documentopn` (
  `ID` int(10) NOT NULL,
  `NombrePN` varchar(100) DEFAULT NULL,
  `ID_Persona` int(10) DEFAULT NULL
) ENGINE=InnoDB DEFAULT CHARSET=utf8 COLLATE=utf8_general_ci;

--
-- Volcado de datos para la tabla `documentopn`
--

INSERT INTO `documentopn` (`ID`, `NombrePN`, `ID_Persona`) VALUES
(1, 'PN-1006794772', 1),
(2, 'PN-1070964653', 2),
(3, 'PN-9529157', 3),
(4, 'PN-1121964041', 4),
(5, 'PN-1006552790', 5),
(6, 'PN-52354424', 6),
(7, 'PN-31158977', 7),
(8, 'PN-1073812331', 8),
(9, 'PN-1007449276', 9),
(10, 'PN-1058274090', 10),
(11, 'PN-36457388', 11),
(12, 'PN-94151612', 12),
(13, 'PN-66767900', 13),
(14, 'PN-17338535', 14),
(15, 'PN-1144160704', 15),
(16, 'PN-1115852552', 16),
(17, 'PN-16550319', 17),
(18, 'PN-38551210', 18),
(19, 'PN-1024476770', 19),
(20, 'PN-1116433462', 20),
(21, 'PN-45761474', 21),
(22, 'PN-1019002562', 22),
(23, 'PN-31908527', 23),
(24, 'PN-52823913', 24),
(25, 'PN-34539654', 25),
(26, 'PN-79947323', 26),
(27, 'PN-16631602', 27),
(28, 'PN-13469798', 28),
(42, 'PN-14251494', 42),
(43, 'PN-1106890188', 43),
(44, 'PN-31150155', 44),
(45, 'PN-1059447871', 45),
(46, 'PN-1088280621', 46),
(47, 'PN-1047347233', 47),
(48, 'PN-19405890', 48),
(49, 'PN-9774384', 49),
(50, 'PN-16548347', 50),
(51, 'PN-1116433462', 51),
(52, 'PN-1048690185', 52),
(53, 'PN-29813142', 53),
(54, 'PN-31396765', 54),
(55, 'PN-31380044', 55),
(56, 'PN-41950200', 56),
(57, 'PN-10214293', 57),
(58, 'PN-13469798', 58),
(59, 'PN-1093768687', 59),
(60, 'PN-60399538', 60),
(61, 'PN-38901996', 61),
(62, 'PN-6501611', 62),
(63, 'PN-29757701', 63),
(64, 'PN-16365448', 64),
(65, 'PN-17338535', 65),
(66, 'PN-29328719', 66),
(67, 'PN-79334400', 67),
(68, 'PN-52917373', 68),
(69, 'PN-52167021', 69),
(70, 'PN-1030622377', 70),
(71, 'PN-79261855', 71),
(72, 'PN-12987042', 72),
(73, 'PN-12113615', 73),
(74, 'PN-1106888647', 74),
(75, 'PN-4518446', 75),
(76, 'PN-11435090', 76),
(77, 'PN-1116241836', 77),
(78, 'PN-16550319', 78),
(79, 'PN-43508551', 79),
(80, 'PN-79947323', 80),
(81, 'PN-19457419', 81),
(82, 'PN-51593852', 82),
(83, 'PN-46649006', 83),
(84, 'PN-46370892', 84),
(85, 'PN-74189804', 85),
(86, 'PN-52738764', 86),
(87, 'PN-13485641', 87),
(88, 'PN-63341509', 88),
(89, 'PN-11210457', 89),
(90, 'PN-52755355', 90),
(91, 'PN-65782190', 91),
(92, 'PN-37087638', 92),
(93, 'PN-1098694582', 93),
(94, 'PN-10085895', 94),
(95, 'PN-40378912', 95),
(96, 'PN-42133029', 96),
(97, 'PN-6336135', 97),
(98, 'PN-39655381', 98),
(99, 'PN-80765907', 99),
(100, 'PN-29543670', 100),
(101, 'PN-23423758', 101),
(102, 'PN-59812974', 102),
(103, 'PN-59830899', 103),
(104, 'PN-1193385524', 104),
(105, 'PN-38976567', 105),
(106, 'PN-29868644', 106),
(107, 'PN-22069359', 107),
(108, 'PN-66963551', 108),
(109, 'PN-1116446584', 109),
(110, 'PN-1045669660', 110),
(111, 'PN-31389929', 111),
(112, 'PN-1122649598', 112),
(113, 'PN-1120366454', 113),
(114, 'PN-25295046', 114),
(115, 'PN-27296611', 115),
(116, 'PN-76304702', 116),
(117, 'PN-1121898918', 117),
(118, 'PN-1114892394', 118),
(119, 'PN-29307356', 119),
(120, 'PN-21177794', 120),
(121, 'PN-37123801', 121),
(122, 'PN-1092350612', 122),
(123, 'PN-16549071', 123),
(124, 'PN-29181714', 124),
(125, 'PN-1002926438', 125),
(126, 'PN-16281034', 126),
(127, 'PN-1116268479', 127),
(128, 'PN-66675186', 128),
(129, 'PN-16891526', 129),
(130, 'PN-29612272', 130),
(131, 'PN-94461025', 131),
(132, 'PN-10389339', 132),
(133, 'PN-23780717', 133),
(134, 'PN-16551537', 134),
(135, 'PN-29832692', 135),
(136, 'PN-24175679', 136),
(137, 'PN-29328717', 137),
(138, 'PN-6356305', 138),
(139, 'PN-71782559', 139),
(140, 'PN-1100685424', 140),
(141, 'PN-29993044', 141),
(142, 'PN-94311226', 142),
(143, 'PN-1098703342', 143),
(144, 'PN-1140833011', 144),
(145, 'PN-1076658077', 145),
(146, 'PN-41660661', 146),
(147, 'PN-7483034', 147),
(148, 'PN-1026265983', 148),
(149, 'PN-76311088', 149),
(150, 'PN-1022386269', 150),
(151, 'PN-14566617', 151),
(152, 'PN-59820880', 152),
(153, 'PN-6465495', 153),
(154, 'PN-34599928', 154),
(155, 'PN-64541600', 155),
(156, 'PN-1114817561', 156),
(157, 'PN-6575572', 157),
(158, 'PN-14895428', 158),
(159, 'PN-6499463', 159),
(160, 'PN-6358293', 160),
(161, 'PN-1018404615', 161),
(162, 'PN-66865215', 162),
(163, 'PN-29612459', 163),
(164, 'PN-29612459', 164),
(165, 'PN-29344451', 165),
(166, 'PN-98363666', 166),
(167, 'PN-1143931849', 167),
(168, 'PN-1038121660', 168),
(169, 'PN-66660555', 169),
(170, 'PN-94300690', 170),
(171, 'PN-66654488', 171),
(172, 'PN-33223682', 172),
(173, 'PN-66888315', 173),
(174, 'PN-1111338340', 174),
(175, 'PN-1115186366', 175),
(176, 'PN-37124779', 176),
(177, 'PN-45755307', 177),
(178, 'PN-33136055', 178),
(179, 'PN-1106896402', 179),
(180, 'PN-1106901328', 180),
(181, 'PN-1014273577', 181),
(182, 'PN-52472219', 182),
(183, 'PN-1024476770', 183),
(184, 'PN-46376931', 184),
(185, 'PN-162664562', 185),
(186, 'PN-33379051', 186),
(187, 'PN-1065631984', 187),
(188, 'PN-25286449', 188),
(189, 'PN-1062276181', 189),
(190, 'PN-1113661514', 190),
(191, 'PN-1053328002', 191),
(192, 'PN-46455667', 192),
(193, 'PN-1057592208', 193),
(194, 'PN-46667874', 194),
(195, 'PN-1049649468', 195),
(196, 'PN-4252327', 196),
(197, 'PN-33366514', 197),
(198, 'PN-1049610630', 198),
(199, 'PN-33369159', 199),
(200, 'PN-1049630098', 200),
(201, 'PN-1049633651', 201),
(202, 'PN-1049654513', 202),
(203, 'PN-5013666', 203),
(204, 'PN-1090178236', 204),
(205, 'PN-66944801', 205),
(206, 'PN-1077458951', 206),
(207, 'PN-33369565', 207),
(208, 'PN-1115418574', 208),
(209, 'PN-1116442521', 209),
(210, 'PN-1113788012', 210),
(211, 'PN-31987188', 211),
(212, 'PN-1193246874', 212),
(213, 'PN-29974767', 213),
(214, 'PN-1143851740', 214),
(215, 'PN-1119892708', 215),
(216, 'PN-5968827', 216),
(217, 'PN-66721073', 217),
(218, 'PN-16672725', 218),
(219, 'PN-29330211', 219),
(220, 'PN-18599569', 220),
(221, 'PN-31495372', 221),
(222, 'PN-55171849', 222),
(223, 'PN-16244914', 223),
(224, 'PN-41898593', 224),
(225, 'PN-20994053', 225),
(226, 'PN-1233891348', 226),
(227, 'PN-29992256', 227),
(228, 'PN-16769144', 228),
(229, 'PN-4517182', 229),
(230, 'PN-49765022', 230),
(231, 'PN-49687185', 231),
(232, 'PN-1049632777', 232),
(233, 'PN-1118557935', 233),
(234, 'PN-38859261', 234),
(235, 'PN-14879916', 235),
(236, 'PN-94287886', 236),
(237, 'PN-55306050', 237),
(238, 'PN-?10175405', 238),
(239, 'PN-70510021', 239),
(240, 'PN-15370054', 240),
(241, 'PN-70086778', 241),
(242, 'PN-45431409', 242),
(243, 'PN-46382797', 243),
(244, 'PN-30405640', 244),
(245, 'PN-1007530279', 245),
(246, 'PN-29328719', 246),
(247, 'PN-1115190952', 247),
(248, 'PN-66964628', 248),
(249, 'PN-1072426942', 249),
(250, 'PN-31477841', 250),
(251, 'PN-14468014', 251),
(252, 'PN-20522732', 252),
(253, 'PN-40943005', 253),
(254, 'PN-88250065', 254),
(255, 'PN-88250066', 255),
(256, 'PN-16769144', 256),
(257, 'PN-76321577', 257),
(258, 'PN-16450404', 258),
(259, 'PN-41730735', 259),
(260, 'PN-66865158', 260),
(261, 'PN-14957406', 261),
(262, 'PN-2570757', 262),
(263, 'PN-31524855', 263),
(264, 'PN-31944982', 264),
(265, 'PN-30733237', 265),
(266, 'PN-25191919', 266),
(267, 'PN-31389755', 267),
(268, 'PN-26296515', 268),
(269, 'PN-66732725', 269),
(270, 'PN-16369528', 270),
(271, 'PN-29186692', 271),
(272, 'PN-31835446', 272),
(273, 'PN-1110284704', 273),
(274, 'PN-16672864', 274),
(275, 'PN-1144124527', 275),
(276, 'PN-1129518967', 276),
(277, 'PN-51728187', 277),
(278, 'PN-16837312', 278),
(279, 'PN-31528762', 279),
(280, 'PN-1094915632', 280),
(281, 'PN-80069188', 281),
(282, 'PN-82390150', 282),
(283, 'PN-51877008', 283),
(284, 'PN-80361304', 284),
(285, 'PN-39140519', 285),
(286, 'PN-33104392', 286),
(287, 'PN-45437947', 287),
(288, 'PN-33336700', 288),
(289, 'PN-1073169567', 289),
(290, 'PN-46671039', 290),
(291, 'PN-82360868', 291),
(292, 'PN-51787202', 292),
(293, 'PN-1049619201', 293),
(294, 'PN-6772177', 294),
(295, 'PN-35467737', 295),
(296, 'PN-1102809214', 296),
(297, 'PN-1123084896', 297),
(298, 'PN-23927386', 298),
(299, 'PN-38860514', 299),
(300, 'PN-6445928', 300),
(301, 'PN-38869269', 301),
(302, 'PN-31577487', 302),
(303, 'PN-17421963', 303),
(304, 'PN-49794328', 304),
(305, 'PN-16552687', 305),
(306, 'PN-14799102', 306),
(307, 'PN-1018460955', 307),
(308, 'PN-53093471', 308),
(309, 'PN-16552957', 309),
(310, 'PN-1144150493', 310),
(311, 'PN-1113310959', 311),
(312, 'PN-25560510', 312),
(313, 'PN-15726987', 313),
(314, 'PN-42102619', 314),
(315, 'PN-38901798', 315),
(316, 'PN-16256600', 316),
(317, 'PN-1130629683', 317),
(318, 'PN-31251711', 318),
(319, 'PN-29392437', 319),
(320, 'PN-1020732268', 320),
(321, 'PN-16221683', 321),
(322, 'PN-1071165088', 322),
(323, 'PN-16491231', 323),
(324, 'PN-16490759', 324),
(325, 'PN-93461297', 325),
(326, 'PN-31330383', 326),
(327, 'PN-1112872380', 327),
(328, 'PN-2569367', 328),
(329, 'PN-1123310515', 329),
(330, 'PN-42101467', 330),
(331, 'PN-37840681', 331),
(332, 'PN-60395327', 332),
(333, 'PN-38868112', 333),
(334, 'PN-20456391', 334),
(335, 'PN-65703166', 335),
(336, 'PN-8637937', 336),
(337, 'PN-94377923', 337),
(338, 'PN-1130670361', 338),
(339, 'PN-1022332897', 339),
(340, 'PN-15877013', 340),
(341, 'PN-1078367983', 341),
(342, 'PN-1049606150', 342),
(343, 'PN-46376159', 343),
(344, 'PN-7317652', 344),
(345, 'PN-1094882264', 345),
(346, 'PN-1094932536', 346),
(347, 'PN-24604791', 347),
(348, 'PN-29873431', 348),
(349, 'PN-42139695', 349),
(350, 'PN-79713491', 350),
(351, 'PN-21783227', 351),
(352, 'PN-38604773', 352),
(353, 'PN-16350216', 353),
(354, 'PN-1052399848', 354),
(355, 'PN-52382756', 355),
(356, 'PN-94316446', 356),
(357, 'PN-16732023', 357),
(358, 'PN-7169440', 358),
(359, 'PN-37721177', 359),
(360, 'PN-63542995', 360),
(361, 'PN-6358352', 361),
(362, 'PN-1118289947', 362),
(363, 'PN-1112218650', 363),
(364, 'PN-16445790', 364),
(365, 'PN-42106003', 365),
(367, 'PN-25158573', 367),
(368, 'PN-24414322', 368),
(369, 'PN-1102716081', 369),
(370, 'PN-63448239', 370),
(371, 'PN-80721017', 371),
(372, 'PN-79533887', 372),
(373, 'PN-1024460866', 373),
(374, 'PN-1022371660', 374),
(375, 'PN-42491012', 375),
(376, 'PN-53139045', 376),
(377, 'PN-79768948', 377),
(378, 'PN-52197356', 378),
(379, 'PN-22802589', 379),
(380, 'PN-34967085', 380),
(381, 'PN-41720667', 381),
(382, 'PN-2971381', 382),
(383, 'PN-55308911', 383),
(384, 'PN-1045720042', 384),
(385, 'PN-6318770', 385),
(386, 'PN-1097403213', 386),
(387, 'PN-1077873788', 387),
(388, 'PN-29434220', 388),
(389, 'PN-94479265', 389),
(390, 'PN-4451618', 390),
(391, 'PN-1116435158', 391),
(392, 'PN-14882854', 392),
(393, 'PN-1085283699', 393),
(394, 'PN-31963378', 394),
(395, 'PN-1130630122', 395),
(396, 'PN-31912335', 396),
(397, 'PN-11384117', 397),
(398, 'PN-38665300', 398),
(399, 'PN-1144203062', 399),
(400, 'PN-1050945199', 400),
(401, 'PN-49687234', 401),
(402, 'PN-74846405', 402),
(403, 'PN-11811009', 403),
(404, 'PN-1115851607', 404),
(405, 'PN-1118548156', 405),
(406, 'PN-38857985', 406),
(407, 'PN-1006307037', 407),
(408, 'PN-29683564', 408),
(409, 'PN-29704853', 409),
(410, 'PN-6402459', 410),
(411, 'PN-29476818', 411),
(412, 'PN-53117629', 412),
(413, 'PN-7554660', 413),
(414, 'PN-16704846', 414),
(415, 'PN-24570900', 415),
(416, 'PN-41903578', 416),
(417, 'PN-41888502', 417),
(418, 'PN-24675377', 418),
(419, 'PN-42158355', 419),
(420, 'PN-81745008', 420),
(421, 'PN-2960811', 421),
(422, 'PN-43044577', 422),
(423, 'PN-94319186', 423),
(424, 'PN-50916556', 424),
(425, 'PN-1116260340', 425),
(426, 'PN-29309455', 426),
(427, 'PN-52262966', 427),
(428, 'PN-1075223964', 428),
(429, 'PN-79319850', 429),
(430, 'PN-7221304', 430),
(431, 'PN-38361047', 431),
(432, 'PN-35601362', 432),
(433, 'PN-2944719', 433),
(434, 'PN-52832747', 434),
(435, 'PN-66676580', 435),
(436, 'PN-50886694', 436),
(437, 'PN-1114062882', 437),
(438, 'PN-1088296828', 438),
(439, 'PN-29868397', 439),
(440, 'PN-16453291', 440),
(441, 'PN-1114733896', 441),
(442, 'PN-14985900', 442),
(443, 'PN-31846014', 443),
(444, 'PN-31877960', 444),
(445, 'PN-29180769', 445),
(446, 'PN-31273721', 446),
(447, 'PN-88220290', 447),
(448, 'PN-15907528', 448),
(449, 'PN-6199408', 449),
(450, 'PN-16608027', 450),
(451, 'PN-28891604', 451),
(452, 'PN-1105612949', 452),
(453, 'PN-52173542', 453),
(454, 'PN-1088295240', 454),
(455, 'PN-66759406', 455),
(456, 'PN-1113784427', 456),
(457, 'PN-38735052', 457),
(458, 'PN-94489179', 458),
(459, 'PN-86074231', 459),
(460, 'PN-30232083', 460),
(461, 'PN-93084850', 461),
(462, 'PN-80206290', 462),
(463, 'PN-1118847990', 463),
(464, 'PN-1059915749', 464),
(465, 'PN-24478967', 465),
(466, 'PN-1123204812', 466),
(467, 'PN-31528922', 467),
(468, 'PN-6558253', 468),
(469, 'PN-52284538', 469),
(470, 'PN-1115189098', 470),
(471, 'PN-85453046', 471),
(472, 'PN-36544101', 472),
(473, 'PN-85453817', 473),
(474, 'PN-25364761', 474),
(475, 'PN-1102871944', 475),
(476, 'PN-26158739', 476),
(477, 'PN-13830109', 477),
(478, 'PN-38997956', 478),
(479, 'PN-66812842', 479),
(480, 'PN-1115080935', 480),
(481, 'PN-16744362', 481),
(482, 'PN-1047495107', 482),
(483, 'PN-16590098', 483),
(484, 'PN-31495583', 484),
(485, 'PN-7319039', 485),
(486, 'PN-1012409984', 486),
(487, 'PN-31844718', 487),
(488, 'PN-16643729', 488),
(489, 'PN-66738023', 489),
(490, 'PN-35604301', 490),
(491, 'PN-1006692388', 491),
(492, 'PN-1007386945', 492),
(493, 'PN-31237611', 493),
(494, 'PN-41909601', 494),
(495, 'PN-1144173089', 495),
(496, 'PN-13072985', 496),
(497, 'PN-6455160', 497),
(498, 'PN-7215410', 498),
(499, 'PN-80113556', 499),
(500, 'PN-1053608267', 500),
(501, 'PN-24325638', 501),
(502, 'PN-1116240315', 502),
(503, 'PN-1093762020', 503),
(504, 'PN-60321957', 504),
(505, 'PN-79144891', 505),
(506, 'PN-31471054', 506),
(507, 'PN-52705492', 507),
(508, 'PN-1108928464', 508),
(509, 'PN-38895020', 509),
(510, 'PN-30294900', 510),
(511, 'PN-38893055', 511),
(512, 'PN-94461912', 512),
(513, 'PN-31200314', 513),
(514, 'PN-31187403', 514),
(515, 'PN-43704515', 515),
(516, 'PN-55223198', 516),
(517, 'PN-1085279899', 517),
(518, 'PN-25175275', 518),
(519, 'PN-40399700', 519),
(520, 'PN-40399755', 520),
(521, 'PN-73508514', 521),
(522, 'PN-85483812', 522),
(523, 'PN-4528316', 523),
(524, 'PN-52960209', 524),
(525, 'PN-52482741', 525),
(526, 'PN-14873038', 526),
(527, 'PN-24100393', 527),
(528, 'PN-31378288', 528),
(529, 'PN-16487485', 529),
(530, 'PN-31655220', 530),
(531, 'PN-115067548', 531),
(532, 'PN-29547409', 532),
(533, 'PN-29399273', 533),
(534, 'PN-31994391', 534),
(535, 'PN-16379846', 535),
(536, 'PN-1116249659', 536),
(537, 'PN-26649989', 537),
(538, 'PN-20485678', 538),
(539, 'PN-1144132048', 539),
(540, 'PN-14442098', 540),
(541, 'PN-31992288', 541),
(542, 'PN-16598867', 542),
(543, 'PN-1144210631', 543),
(544, 'PN-16792588', 544),
(545, 'PN-1052392478', 545),
(546, 'PN-23925716', 546),
(547, 'PN-51983986', 547),
(548, 'PN-23752235', 548),
(549, 'PN-24133863', 549),
(550, 'PN-39809316', 550),
(551, 'PN-80131620', 551),
(552, 'PN-1053585622', 552),
(553, 'PN-6228829', 553),
(554, 'PN-29702704', 554),
(555, 'PN-80731102', 555),
(556, 'PN-34604315', 556),
(557, 'PN-6383178', 557),
(558, 'PN-77189740', 558),
(559, 'PN-23508643', 559),
(560, 'PN-33379045', 560),
(561, 'PN-1057598839', 561),
(562, 'PN-40039125', 562),
(563, 'PN-1054801986', 563),
(564, 'PN-23755860', 564),
(565, 'PN-1103105106', 565),
(566, 'PN-1065592350', 566),
(567, 'PN-33367703', 567),
(568, 'PN-31140788', 568),
(569, 'PN-1088974616', 569),
(570, 'PN-16681307', 570),
(571, 'PN-32946026', 571),
(572, 'PN-41678324', 572),
(573, 'PN-24584817', 573),
(574, 'PN-51668973', 574),
(575, 'PN-52029097', 575),
(576, 'PN-1077033805', 576),
(684, '', 589);

-- --------------------------------------------------------

--
-- Estructura de tabla para la tabla `documentosintesis`
--

CREATE TABLE `documentosintesis` (
  `ID` int(10) NOT NULL,
  `NombreS` varchar(100) DEFAULT NULL,
  `FechaInsercion` date DEFAULT current_timestamp(),
  `ID_Persona` int(10) DEFAULT NULL
) ENGINE=InnoDB DEFAULT CHARSET=utf8 COLLATE=utf8_general_ci;

--
-- Volcado de datos para la tabla `documentosintesis`
--

INSERT INTO `documentosintesis` (`ID`, `NombreS`, `FechaInsercion`, `ID_Persona`) VALUES
(1, '1006794772 - MONTEALEGRE', '2023-03-04', 1),
(2, '1070964653 - GALINDO', '2023-03-06', 2),
(3, '9529157 - BARRAGAN', '2023-03-08', 3),
(4, '1121964041 - RODRIGUEZ', '2023-03-08', 4),
(5, '1006552790 - PIRIACHI', '2023-03-08', 5),
(6, '52354424 - MONSALVE', '2023-03-08', 6),
(7, '31158977 - GIRON', '2023-03-08', 7),
(8, '1073812331 - VEGA', '2023-03-09', 8),
(9, '1007449276 - PEREZ', '2023-03-13', 9),
(10, '1058274090 - ABRIL', '2023-03-13', 10),
(11, '36457388 - RIATIGA', '2023-03-13', 11),
(12, '94151612 - CACERES', '2023-03-14', 12),
(13, '66767900 - RENTERIA', '2023-03-14', 13),
(14, '17338535 - LONDOÑO', '2023-03-21', 14),
(15, '1144160704 - LANDAZURI', '2023-03-15', 15),
(16, '1115852552 - ORTIZ', '2023-03-15', 16),
(17, '16550319 - ORJUELA', '2023-03-15', 17),
(18, '38551210 - RODRIGUEZ', '2023-03-15', 18),
(19, '1024476770 - BALLESTEROS', '2023-03-15', 19),
(20, '1116433462 - CASTAÑO', '2023-03-15', 20),
(21, '45761474 - VASQUEZ', '2023-03-15', 21),
(22, '1019002562 - CARDENAS', '2023-03-15', 22),
(23, '31908527 - GUERRA', '2023-03-15', 23),
(24, '52823913 - SERRANO', '2023-03-15', 24),
(25, '34539654 - LOPEZ', '2023-03-15', 25),
(26, '79947323 - CEPEDA', '2023-03-22', 26),
(27, '16631602 - MARTINEZ', '2023-03-15', 27),
(28, '13469798 - TOLOZA', '2023-03-15', 28),
(42, '14251494 - HERNANDEZ', '2023-03-15', 42),
(43, '1106890188 - AREVALO', '2023-03-15', 43),
(44, '31150155 - LOPEZ', '2023-03-16', 44),
(45, '1059447871 - SINISTERRA', '2023-03-16', 45),
(46, '1088280621 - RAMIREZ', '2023-03-16', 46),
(47, '1047347233 - BARROS', '2023-03-16', 47),
(48, '19405890 - CUELLAR', '2023-03-16', 48),
(49, '9774384 - BEDOYA', '2023-03-16', 49),
(50, '16548347 - MILLAN', '2023-03-17', 50),
(51, '1116433462 - CASTAÑO', '2023-03-17', 51),
(52, '1048690185 - ROJAS', '2023-03-17', 52),
(53, '29813142 - VILLEGAS', '2023-03-17', 53),
(54, '31396765 - SALGUERO', '2023-03-17', 54),
(55, '31380044 - CEDEÑO', '2023-03-17', 55),
(56, '41950200 - PINO', '2023-03-17', 56),
(57, '10214293 - ROZO', '2023-03-18', 57),
(58, '13469798 - TOLOZA', '2023-03-18', 58),
(59, '1093768687 - RANGEL', '2023-03-18', 59),
(60, '60399538 - BONILLA', '2023-03-18', 60),
(61, '38901996 - LOPEZ', '2023-03-18', 61),
(62, '6501611 - IBAÑEZ', '2023-03-18', 62),
(63, '29757701 - LOPEZ', '2023-03-18', 63),
(64, '16365448 - ASKAR', '2023-03-18', 64),
(65, '17338535 - LONDOÑO', '2023-03-21', 65),
(66, '29328719 - GIRALDO', '2023-03-21', 66),
(67, '79334400 - FANDIÑO', '2023-03-21', 67),
(68, '52917373 - CASTILLO', '2023-03-21', 68),
(69, '52167021 - CHAVES', '2023-03-21', 69),
(70, '1030622377 - RODRIGUEZ', '2023-03-21', 70),
(71, '79261855 - CUELLAR', '2023-03-21', 71),
(72, '12987042 - MOLINA', '2023-03-21', 72),
(73, '12113615 - CORREA', '2023-03-21', 73),
(74, '1106888647 - AREVALO', '2023-03-21', 74),
(75, '4518446 - ISAZA', '2023-03-21', 75),
(76, '11435090 - APONTE', '2023-03-21', 76),
(77, '1116241836 - GALLEGO', '2023-03-22', 77),
(78, '16550319 - ORJUELA', '2023-03-22', 78),
(79, '43508551 - MONTOYA', '2023-03-22', 79),
(80, '79947323 - CEPEDA', '2023-03-22', 80),
(81, '19457419 - DELGADILLO', '2023-03-22', 81),
(82, '51593852 - CONTENTO', '2023-03-22', 82),
(83, '46649006 - PINILLA', '2023-03-22', 83),
(84, '46370892 - GOMEZ', '2023-03-23', 84),
(85, '74189804 - VARGAS', '2023-03-23', 85),
(86, '52738764 - PAEZ', '2023-03-23', 86),
(87, '13485641 - PEÑA', '2023-03-23', 87),
(88, '63341509 - VARGAS', '2023-03-23', 88),
(89, '11210457 - MUÑOZ', '2023-03-23', 89),
(90, '52755355 - BARON', '2023-03-23', 90),
(91, '65782190 - HERNANDEZ', '2023-03-23', 91),
(92, '37087638 - IZQUIERDO', '2023-03-23', 92),
(93, '1098694582 - VILLAMIL', '2023-03-23', 93),
(94, '10085895 - IZQUIERDO', '2023-03-23', 94),
(95, '40378912 - TORRES', '2023-03-23', 95),
(96, '42133029 - BUENO', '2023-03-23', 96),
(97, '6336135 - PAZ', '2023-03-23', 97),
(98, '39655381 - CASTAÑEDA', '2023-03-23', 98),
(99, '80765907 - RAMIREZ', '2023-03-23', 99),
(100, '29543670 - GIL', '2023-03-23', 100),
(101, '23423758 - RINTA', '2023-03-23', 101),
(102, '59812974 - RAMOS', '2023-03-23', 102),
(103, '59830899 - NARVAEZ', '2023-03-23', 103),
(104, '1193385524 - DELGADO', '2023-03-23', 104),
(105, '38976567 - TORRES', '2023-03-23', 105),
(106, '29868644 - GARCIA', '2023-03-23', 106),
(107, '22069359 - GALEANO', '2023-03-23', 107),
(108, '66963551 - SALAZAR', '2023-03-23', 108),
(109, '1116446584 - CABRERA', '2023-03-23', 109),
(110, '1045669660 - LOBATO', '2023-03-23', 110),
(111, '31389929 - JIMENEZ', '2023-03-23', 111),
(112, '1122649598 - PARALES', '2023-03-23', 112),
(113, '1120366454 - PARRA', '2023-03-23', 113),
(114, '25295046 - ROMERO', '2023-03-23', 114),
(115, '27296611 - FERNANDEZ', '2023-03-23', 115),
(116, '76304702 - CALDERON', '2023-03-23', 116),
(117, '1121898918 - BELTRAN', '2023-03-24', 117),
(118, '1114892394 - ARENAS', '2023-03-24', 118),
(119, '29307356 - WALLENS', '2023-03-24', 119),
(120, '21177794 - MENDEZ', '2023-03-24', 120),
(121, '37123801 - GUERRERO', '2023-03-24', 121),
(122, '1092350612 - PEÑARANDA', '2023-03-24', 122),
(123, '16549071 - LOPEZ', '2023-03-24', 123),
(124, '29181714 - BOLAÑOS', '2023-03-24', 124),
(125, '1002926438 - MAMIAN', '2023-03-24', 125),
(126, '16281034 - SABOGAL', '2023-03-24', 126),
(127, '1116268479 - SANCHEZ', '2023-03-24', 127),
(128, '66675186 - ESCOBAR', '2023-03-24', 128),
(129, '16891526 - DAGUA', '2023-03-24', 129),
(130, '29612272 - BORJA', '2023-03-24', 130),
(131, '94461025 - LONDOÑO', '2023-03-24', 131),
(132, '10389339 - SANCHEZ', '2023-03-24', 132),
(133, '23780717 - GONZALEZ', '2023-03-24', 133),
(134, '16551537 - AGUDELO', '2023-03-24', 134),
(135, '29832692 - OSORIO', '2023-03-24', 135),
(136, '24175679 - CAMARGO', '2023-03-24', 136),
(137, '29328717 - DUQUE', '2023-03-24', 137),
(138, '6356305 - ALVAREZ', '2023-03-24', 138),
(139, '71782559 - AGATON', '2023-03-24', 139),
(140, '1100685424 - DIAZ', '2023-03-24', 140),
(141, '29993044 - APONTE', '2023-03-24', 141),
(142, '94311226 - SANCHEZ', '2023-03-24', 142),
(143, '1098703342 - GELVEZ', '2023-03-24', 143),
(144, '1140833011 - MEJIA', '2023-03-24', 144),
(145, '1076658077 - BELLO', '2023-03-24', 145),
(146, '41660661 - MORALES', '2023-03-24', 146),
(147, '7483034 - FONTALVO', '2023-03-24', 147),
(148, '1026265983 - RAMOS', '2023-03-24', 148),
(149, '76311088 - BONILLA', '2023-03-24', 149),
(150, '1022386269 - GORDILLO', '2023-03-24', 150),
(151, '14566617 - SALAZAR', '2023-03-24', 151),
(152, '59820880 - PAREDES', '2023-03-24', 152),
(153, '6465495 - GOMEZ', '2023-03-24', 153),
(154, '34599928 - LARRAHONDO', '2023-03-24', 154),
(155, '64541600 - ESCOBAR', '2023-03-24', 155),
(156, '1114817561 - DAZA', '2023-03-24', 156),
(157, '6575572 - MENDOZA', '2023-03-24', 157),
(158, '14895428 - MURILLO', '2023-03-24', 158),
(159, '6499463 - TAMAYO', '2023-03-24', 159),
(160, '6358293 - MONA', '2023-03-24', 160),
(161, '1018404615 - POCHES', '2023-03-24', 161),
(162, '66865215 - GARCIA', '2023-03-24', 162),
(163, '29612459 - GOMEZ', '2023-03-24', 163),
(164, '29612459 - GOMEZ', '2023-03-24', 164),
(165, '29344451 - TOBAR', '2023-03-24', 165),
(166, '98363666 - SARASTY', '2023-03-24', 166),
(167, '1143931849 - ANDRADE', '2023-03-24', 167),
(168, '1038121660 - SILGADO', '2023-03-24', 168),
(169, '66660555 - JORDAN', '2023-03-24', 169),
(170, '94300690 - CHARA', '2023-03-24', 170),
(171, '66654488 - MARTINEZ', '2023-03-24', 171),
(172, '33223682 - POLANCO', '2023-03-24', 172),
(173, '66888315 - BAENA', '2023-03-24', 173),
(174, '1111338340 - LOPEZ', '2023-03-24', 174),
(175, '1115186366 - CAMACHO', '2023-03-24', 175),
(176, '37124779 - BOLAÑOS', '2023-03-24', 176),
(177, '45755307 - DIAZ', '2023-03-24', 177),
(178, '33136055 - HERRERA', '2023-03-24', 178),
(179, '1106896402 - RUIZ', '2023-03-24', 179),
(180, '1106901328 - CHAPARRO', '2023-03-24', 180),
(181, '1014273577 - ORDOÑEZ', '2023-03-24', 181),
(182, '52472219 - ROMERO', '2023-03-24', 182),
(183, '1024476770 - BALLESTEROS', '2023-03-24', 183),
(184, '46376931 - PEREZ', '2023-03-24', 184),
(185, '162664562 - CALERO', '2023-03-24', 185),
(186, '33379051 - ORTIZ', '2023-03-24', 186),
(187, '1065631984 - PLATA', '2023-03-24', 187),
(188, '25286449 - IBARRA', '2023-03-24', 188),
(189, '1062276181 - RIVERA', '2023-03-24', 189),
(190, '1113661514 - TASCON', '2023-03-24', 190),
(191, '1053328002 - SANCHEZ', '2023-03-24', 191),
(192, '46455667 - GOMEZ', '2023-03-24', 192),
(193, '1057592208 - BARRERA', '2023-03-24', 193),
(194, '46667874 - MOLANO', '2023-03-24', 194),
(195, '1049649468 - CORTES', '2023-03-24', 195),
(196, '4252327 - TORRES', '2023-03-24', 196),
(197, '33366514 - FONSECA', '2023-03-24', 197),
(198, '1049610630 - REYES', '2023-03-24', 198),
(199, '33369159 - OSUNA', '2023-03-24', 199),
(200, '1049630098 - SANCHEZ', '2023-03-24', 200),
(201, '1049633651 - LOPEZ', '2023-03-24', 201),
(202, '1049654513 - ORTEGA', '2023-03-24', 202),
(203, '5013666 - MANJARRES', '2023-03-24', 203),
(204, '1090178236 - FLOREZ', '2023-03-24', 204),
(205, '66944801 - MEDINA', '2023-03-24', 205),
(206, '1077458951 - MOSQUERA', '2023-03-24', 206),
(207, '33369565 - VARGAS', '2023-03-24', 207),
(208, '', '2023-03-24', 208),
(209, '1116442521 - ROMERO', '2023-03-24', 209),
(210, '1113788012 - GARCIA', '2023-03-24', 210),
(211, '31987188 - IBARGUEN', '2023-03-24', 211),
(212, '1193246874 - POLANCO', '2023-03-24', 212),
(213, '29974767 - GUAMPE', '2023-03-24', 213),
(214, '1143851740 - BARONA', '2023-03-24', 214),
(215, '1119892708 - GAMEZ', '2023-03-24', 215),
(216, '5968827 - CABEZAS', '2023-03-24', 216),
(217, '66721073 - PALACIO', '2023-03-24', 217),
(218, '16672725 - MARTINEZ', '2023-03-24', 218),
(219, '29330211 - TORRES', '2023-03-24', 219),
(220, '18599569 - BENJUMEA', '2023-03-24', 220),
(221, '31495372 - SALDARRIAGA', '2023-03-24', 221),
(222, '55171849 - ROJAS', '2023-03-24', 222),
(223, '16244914 - HOYOS', '2023-03-24', 223),
(224, '41898593 - CASTAÑO', '2023-03-25', 224),
(225, '20994053 - CARDENAS', '2023-03-25', 225),
(226, '1233891348 - BARON', '2023-03-25', 226),
(227, '29992256 - GAITAN', '2023-03-25', 227),
(228, '16769144 - GONZALEZ', '2023-03-25', 228),
(229, '4517182 - PALMA', '2023-03-25', 229),
(230, '49765022 - MENDOZA', '2023-03-25', 230),
(231, '49687185 - LOPEZ', '2023-03-25', 231),
(232, '1049632777 - MEDINA', '2023-03-25', 232),
(233, '1118557935 - ABRIL', '2023-03-25', 233),
(234, '38859261 - CASTILLO', '2023-03-25', 234),
(235, '14879916 - MORALES', '2023-03-25', 235),
(236, '94287886 - BELTRAN', '2023-03-25', 236),
(237, '55306050 - MORENO', '2023-03-25', 237),
(238, '?10175405 - ÑZÑRATE', '2023-03-27', 238),
(239, '70510021 - MONTOYA', '2023-03-27', 239),
(240, '15370054 - CATAÑO', '2023-03-27', 240),
(241, '70086778 - VANEGAS', '2023-03-27', 241),
(242, '45431409 - ARIAS', '2023-03-27', 242),
(243, '46382797 - PINTO', '2023-03-27', 243),
(244, '30405640 - ARANGO', '2023-03-27', 244),
(245, '1007530279 - GONZALEZ', '2023-03-27', 245),
(246, '29328719 - GIRALDO', '2023-03-27', 246),
(247, '1115190952 - ALZATE', '2023-03-27', 247),
(248, '66964628 - BEDOYA', '2023-03-27', 248),
(249, '1072426942 - ACEBEDO', '2023-03-27', 249),
(250, '31477841 - DIAZ', '2023-03-27', 250),
(251, '14468014 - VARGAS', '2023-03-27', 251),
(252, '20522732 - TARAZONA', '2023-03-28', 252),
(253, '40943005 - RODRIGUEZ', '2023-03-28', 253),
(254, '88250065 - MURCIA', '2023-03-28', 254),
(255, '88250066 - MURCIA', '2023-03-28', 255),
(256, '16769144 - GONZALEZ', '2023-03-28', 256),
(257, '76321577 - PETECHE', '2023-03-28', 257),
(258, '16450404 - ESCOBAR', '2023-03-28', 258),
(259, '41730735 - GARCIA', '2023-03-28', 259),
(260, '66865158 - AGUDELO', '2023-03-28', 260),
(261, '14957406 - MORENO', '2023-03-28', 261),
(262, '2570757 - CAMPO', '2023-03-28', 262),
(263, '31524855 - QUINTERO', '2023-03-28', 263),
(264, '31944982 - GOMEZ', '2023-03-28', 264),
(265, '30733237 - CAMELO', '2023-03-28', 265),
(266, '25191919 - BETANCUR', '2023-03-28', 266),
(267, '31389755 - RIASCOS', '2023-03-28', 267),
(268, '26296515 - VALOIS', '2023-03-28', 268),
(269, '66732725 - MACHADO', '2023-03-28', 269),
(270, '16369528 - RIVERA', '2023-03-28', 270),
(271, '29186692 - MORALES', '2023-03-28', 271),
(272, '31835446 - MINA', '2023-03-28', 272),
(273, '1110284704 - PIMIENTA', '2023-03-28', 273),
(274, '16672864 - RAMIREZ', '2023-03-28', 274),
(275, '1144124527 - CAICEDO', '2023-03-28', 275),
(276, '1129518967 - ROJAS', '2023-03-28', 276),
(277, '51728187 - AROS', '2023-03-28', 277),
(278, '16837312 - CAMILO', '2023-03-28', 278),
(279, '31528762 - SANDOVAL', '2023-03-28', 279),
(280, '1094915632 - GRISALES', '2023-03-28', 280),
(281, '80069188 - AGUDELO', '2023-03-28', 281),
(282, '82390150 - MADARIAGA', '2023-03-28', 282),
(283, '51877008 - ELLES', '2023-03-28', 283),
(284, '80361304 - CHARRY', '2023-03-28', 284),
(285, '39140519 - VILLADIEGO', '2023-03-28', 285),
(286, '33104392 - HERNANDEZ', '2023-03-29', 286),
(287, '45437947 - ROMERO', '2023-03-29', 287),
(288, '33336700 - MALO', '2023-03-29', 288),
(289, '1073169567 - MERCHAN', '2023-03-29', 289),
(290, '46671039 - VALDERRAMA', '2023-03-29', 290),
(291, '82360868 - GARCIA', '2023-03-29', 291),
(292, '51787202 - PEREZ', '2023-03-29', 292),
(293, '1049619201 - ACOSTA', '2023-03-29', 293),
(294, '6772177 - SANCHEZ', '2023-03-29', 294),
(295, '35467737 - OJEDA', '2023-03-29', 295),
(296, '1102809214 - TAPIAS', '2023-03-29', 296),
(297, '1123084896 - RODRIGUEZ', '2023-03-29', 297),
(298, '23927386 - CORDOBA', '2023-03-29', 298),
(299, '38860514 - SOTO', '2023-03-29', 299),
(300, '6445928 - TASCON', '2023-03-29', 300),
(301, '38869269 - CHALARCA', '2023-03-29', 301),
(302, '31577487 - DELGADO', '2023-03-29', 302),
(303, '17421963 - OCHOA', '2023-03-29', 303),
(304, '49794328 - RODRIGUEZ', '2023-03-29', 304),
(305, '16552687 - BARONA', '2023-03-29', 305),
(306, '14799102 - CORTES', '2023-03-29', 306),
(307, '1018460955 - SUAREZ', '2023-03-29', 307),
(308, '53093471 - GARCIA', '2023-03-29', 308),
(309, '16552957 - JARAMILLO', '2023-03-29', 309),
(310, '1144150493 - MUÑOZ', '2023-03-29', 310),
(311, '1113310959 - GOMEZ', '2023-03-29', 311),
(312, '25560510 - PARDO', '2023-03-29', 312),
(313, '15726987 - GUERRERO', '2023-03-29', 313),
(314, '42102619 - MANSO', '2023-03-29', 314),
(315, '38901798 - GUTIERREZ', '2023-03-29', 315),
(316, '16256600 - MUÑOZ', '2023-03-29', 316),
(317, '1130629683 - BECERRA', '2023-03-29', 317),
(318, '31251711 - BERMUDEZ', '2023-03-29', 318),
(319, '29392437 - ECHEVERRI', '2023-03-29', 319),
(320, '1020732268 - ROJAS', '2023-03-29', 320),
(321, '16221683 - SANTANA', '2023-03-29', 321),
(322, '1071165088 - PEDRAZA', '2023-03-29', 322),
(323, '16491231 - MOSQUERA', '2023-03-29', 323),
(324, '16490759 - QUINTERO', '2023-03-29', 324),
(325, '93461297 - ACERO', '2023-03-30', 325),
(326, '31330383 - VALENCIA', '2023-03-30', 326),
(327, '1112872380 - CAICEDO', '2023-03-30', 327),
(328, '2569367 - ORTIZ', '2023-03-30', 328),
(329, '1123310515 - ARANGO', '2023-03-30', 329),
(330, '42101467 - VASQUEZ', '2023-03-30', 330),
(331, '37840681 - BARRERA', '2023-03-30', 331),
(332, '60395327 - LIZCANO', '2023-03-30', 332),
(333, '38868112 - BEJARANO', '2023-03-30', 333),
(334, '20456391 - HERRERA', '2023-03-30', 334),
(335, '65703166 - PEREZ', '2023-03-30', 335),
(336, '8637937 - AREVALO', '2023-03-30', 336),
(337, '94377923 - COPETE', '2023-03-30', 337),
(338, '1130670361 - DURAN', '2023-03-30', 338),
(339, '1022332897 - AVILA', '2023-03-30', 339),
(340, '15877013 - BENJUMEA', '2023-03-30', 340),
(341, '1078367983 - RIVERA', '2023-03-30', 341),
(342, '1049606150 - ARIAS', '2023-03-31', 342),
(343, '46376159 - SUAREZ', '2023-03-31', 343),
(344, '7317652 - HERNANDEZ', '2023-03-31', 344),
(345, '1094882264 - ESCOBAR', '2023-03-31', 345),
(346, '1094932536 - OSORIO', '2023-03-31', 346),
(347, '24604791 - SUAREZ', '2023-03-31', 347),
(348, '29873431 - LEON', '2023-03-31', 348),
(349, '42139695 - RUIZ', '2023-03-31', 349),
(350, '79713491 - CONDE', '2023-03-31', 350),
(351, '21783227 - SANCHEZ', '2023-03-31', 351),
(352, '38604773 - MARMOLEJO', '2023-03-31', 352),
(353, '16350216 - BERNAL', '2023-03-31', 353),
(354, '1052399848 - ALCANTAR', '2023-04-01', 354),
(355, '52382756 - GUTIERREZ', '2023-04-01', 355),
(356, '94316446 - GOMEZ', '2023-04-03', 356),
(357, '16732023 - JIMENEZ', '2023-04-03', 357),
(358, '7169440 - CASTELLANOS', '2023-04-03', 358),
(359, '37721177 - GALVIS', '2023-04-03', 359),
(360, '63542995 - ALVAREZ', '2023-04-03', 360),
(361, '6358352 - GARCIA', '2023-04-03', 361),
(362, '1118289947 - MANCILLA', '2023-04-03', 362),
(363, '1112218650 - HURTADO', '2023-04-03', 363),
(364, '16445790 - LOPEZ', '2023-04-03', 364),
(365, '42106003 - GARZON', '2023-04-03', 365),
(367, '25158573 - ZAMBRANO', '2023-04-03', 367),
(368, '24414322 - PUERTA', '2023-04-03', 368),
(369, '1102716081 - QUINTERO', '2023-04-03', 369),
(370, '63448239 - ROZO', '2023-04-03', 370),
(371, '80721017 - VELA', '2023-04-03', 371),
(372, '79533887 - RUIZ', '2023-04-03', 372),
(373, '1024460866 - RUIZ', '2023-04-03', 373),
(374, '1022371660 - ACUÑA', '2023-04-03', 374),
(375, '42491012 - BRITO', '2023-04-03', 375),
(376, '53139045 - PAEZ', '2023-04-03', 376),
(377, '79768948 - LEON', '2023-04-03', 377),
(378, '52197356 - GOMEZ', '2023-04-03', 378),
(379, '22802589 - ZAMBRANO', '2023-04-03', 379),
(380, '34967085 - NEGRETE', '2023-04-03', 380),
(381, '41720667 - ALVAREZ', '2023-04-03', 381),
(382, '2971381 - MENDEZ', '2023-04-03', 382),
(383, '55308911 - RODRIGUEZ', '2023-04-03', 383),
(384, '1045720042 - OSORIO', '2023-04-03', 384),
(385, '6318770 - VELEZ', '2023-04-04', 385),
(386, '1097403213 - BARRETO', '2023-04-04', 386),
(387, '1077873788 - NARVAEZ', '2023-04-04', 387),
(388, '29434220 - GARCIA', '2023-04-04', 388),
(389, '94479265 - DUQUE', '2023-04-04', 389),
(390, '4451618 - JARAMILLO', '2023-04-04', 390),
(391, '1116435158 - OCAMPO', '2023-04-04', 391),
(392, '14882854 - ECHEVERRY', '2023-04-04', 392),
(393, '1085283699 - BASTIDAS', '2023-04-04', 393),
(394, '31963378 - MOSQUERA', '2023-04-04', 394),
(395, '1130630122 - RODRIGUEZ', '2023-04-04', 395),
(396, '31912335 - GRIJALBA', '2023-04-04', 396),
(397, '11384117 - PIÑEROS', '2023-04-04', 397),
(398, '38665300 - GAITAN', '2023-04-04', 398),
(399, '1144203062 - TABARES', '2023-04-04', 399),
(400, '1050945199 - MENDOZA', '2023-04-04', 400),
(401, '49687234 - ORTIZ', '2023-04-04', 401),
(402, '74846405 - TELLO', '2023-04-04', 402),
(403, '11811009 - RENTERIA', '2023-04-04', 403),
(404, '1115851607 - RODRIGUEZ', '2023-04-04', 404),
(405, '1118548156 - RODRIGUEZ', '2023-04-04', 405),
(406, '38857985 - BARBOSA', '2023-04-04', 406),
(407, '1006307037 - GUETIO', '2023-04-04', 407),
(408, '29683564 - CONTO', '2023-04-04', 408),
(409, '29704853 - SUAREZ', '2023-04-04', 409),
(410, '6402459 - GRANADOS', '2023-04-04', 410),
(411, '29476818 - VIVEROS', '2023-04-04', 411),
(412, '53117629 - CUERVO', '2023-04-04', 412),
(413, '7554660 - PATIÑO', '2023-04-04', 413),
(414, '16704846 - ARCO', '2023-04-04', 414),
(415, '24570900 - ARBELAEZ', '2023-04-04', 415),
(416, '41903578 - SERNA', '2023-04-04', 416),
(417, '41888502 - HIDALGO', '2023-04-04', 417),
(418, '24675377 - MARTINEZ', '2023-04-04', 418),
(419, '42158355 - MONTOYA', '2023-04-05', 419),
(420, '81745008 - ROJAS', '2023-04-05', 420),
(421, '2960811 - BARBOSA', '2023-04-05', 421),
(422, '43044577 - ROJAS', '2023-04-05', 422),
(423, '94319186 - VARGAS', '2023-04-05', 423),
(424, '50916556 - CEBALLOS', '2023-04-05', 424),
(425, '1116260340 - CARDONA', '2023-04-05', 425),
(426, '29309455 - ALVAREZ', '2023-04-05', 426),
(427, '52262966 - TOLOSA', '2023-04-05', 427),
(428, '1075223964 - COHETATO', '2023-04-05', 428),
(429, '79319850 - GONZALEZ', '2023-04-05', 429),
(430, '7221304 - CASTIBLANCO', '2023-04-05', 430),
(431, '38361047 - LOZANO', '2023-04-05', 431),
(432, '35601362 - CHAVERRA', '2023-04-05', 432),
(433, '2944719 - MESA', '2023-04-05', 433),
(434, '52832747 - RODRIGUEZ', '2023-04-05', 434),
(435, '66676580 - ALVAREZ', '2023-04-08', 435),
(436, '50886694 - SERPA', '2023-04-08', 436),
(437, '1114062882 - MOLINA', '2023-04-08', 437),
(438, '1088296828 - ZORRILLO', '2023-04-08', 438),
(439, '29868397 - GARCIA', '2023-04-08', 439),
(440, '16453291 - VERGARA', '2023-04-08', 440),
(441, '1114733896 - MENDOZA', '2023-04-08', 441),
(442, '14985900 - GOMEZ', '2023-04-08', 442),
(443, '31846014 - ARCE', '2023-04-08', 443),
(444, '31877960 - FERNANDEZ', '2023-04-08', 444),
(445, '29180769 - CUELLAR', '2023-04-08', 445),
(446, '31273721 - FAJARDO', '2023-04-08', 446),
(447, '88220290 - PERDOMO', '2023-04-08', 447),
(448, '15907528 - VASQUEZ', '2023-04-08', 448),
(449, '6199408 - GONZALEZ', '2023-04-10', 449),
(450, '16608027 - RUIZ', '2023-04-10', 450),
(451, '28891604 - GUARNIZO', '2023-04-10', 451),
(452, '1105612949 - CALDERON', '2023-04-10', 452),
(453, '52173542 - MENDIVELSO', '2023-04-10', 453),
(454, '1088295240 - OTALVARO', '2023-04-11', 454),
(455, '66759406 - SALAZAR', '2023-04-11', 455),
(456, '1113784427 - SANTIAGO', '2023-04-11', 456),
(457, '38735052 - GARCIA', '2023-04-11', 457),
(458, '94489179 - VIDAL', '2023-04-11', 458),
(459, '86074231 - ACOSTA', '2023-04-11', 459),
(460, '30232083 - MURILLO', '2023-04-11', 460),
(461, '93084850 - BELALCAZAR', '2023-04-11', 461),
(462, '80206290 - HERNANDEZ', '2023-04-11', 462),
(463, '1118847990 - DELUQUE', '2023-04-11', 463),
(464, '1059915749 - NARVAEZ', '2023-04-11', 464),
(465, '24478967 - CONTRERAS', '2023-04-11', 465),
(466, '1123204812 - GIRALDO', '2023-04-11', 466),
(467, '31528922 - ROJAS', '2023-04-11', 467),
(468, '6558253 - CARDONA', '2023-04-11', 468),
(469, '52284538 - OLIVARES', '2023-04-11', 469),
(470, '1115189098 - GUTIERREZ', '2023-04-11', 470),
(471, '85453046 - SOLANO', '2023-04-11', 471),
(472, '36544101 - TORNE', '2023-04-11', 472),
(473, '85453817 - PINEDO', '2023-04-11', 473),
(474, '25364761 - BALANTA', '2023-04-11', 474),
(475, '1102871944 - AGUAS', '2023-04-11', 475),
(476, '26158739 - BARRERA', '2023-04-12', 476),
(477, '13830109 - ARENAS', '2023-04-12', 477),
(478, '38997956 - SINISTERRA', '2023-04-12', 478),
(479, '66812842 - CARDONA', '2023-04-12', 479),
(480, '1115080935 - GUERRERO', '2023-04-12', 480),
(481, '16744362 - CALDERON', '2023-04-12', 481),
(482, '1047495107 - RAMIREZ', '2023-04-12', 482),
(483, '16590098 - APONTE', '2023-04-12', 483),
(484, '31495583 - MONTOYA', '2023-04-12', 484),
(485, '7319039 - ROCHA', '2023-04-12', 485),
(486, '1012409984 - ACERO', '2023-04-12', 486),
(487, '31844718 - QUEBRADA', '2023-04-12', 487),
(488, '16643729 - OBONAGA', '2023-04-12', 488),
(489, '66738023 - MOSQUERA', '2023-04-12', 489),
(490, '35604301 - MORENO', '2023-04-12', 490),
(491, '1006692388 - DELGADO', '2023-04-12', 491),
(492, '1007386945 - CAYACHOA', '2023-04-12', 492),
(493, '31237611 - ZULUAGA', '2023-04-12', 493),
(494, '41909601 - SANCHEZ', '2023-04-12', 494),
(495, '1144173089 - GOMEZ', '2023-04-12', 495),
(496, '13072985 - ORTIZ', '2023-04-12', 496),
(497, '6455160 - GARCIA', '2023-04-12', 497),
(498, '7215410 - SALAZAR', '2023-04-12', 498),
(499, '80113556 - PEÑA', '2023-04-12', 499),
(500, '1053608267 - PEDRAZA', '2023-04-12', 500),
(501, '24325638 - MORALES', '2023-04-12', 501),
(502, '1116240315 - GRUESO', '2023-04-12', 502),
(503, '1093762020 - URIBE', '2023-04-12', 503),
(504, '60321957 - RAMIREZ', '2023-04-12', 504),
(505, '79144891 - GALINDO', '2023-04-13', 505),
(506, '31471054 - DAZA', '2023-04-13', 506),
(507, '52705492 - JARAMILLO', '2023-04-13', 507),
(508, '1108928464 - BARRIOS', '2023-04-13', 508),
(509, '38895020 - OROZCO', '2023-04-13', 509),
(510, '30294900 - BOTERO', '2023-04-13', 510),
(511, '38893055 - PEREZ', '2023-04-13', 511),
(512, '94461912 - BURBANO', '2023-04-13', 512),
(513, '31200314 - CORAL', '2023-04-13', 513),
(514, '31187403 - CEBALLOS', '2023-04-13', 514),
(515, '43704515 - SANTAMARIA', '2023-04-13', 515),
(516, '55223198 - ROA', '2023-04-13', 516),
(517, '1085279899 - GUERRERO', '2023-04-13', 517),
(518, '25175275 - VILLEGAS', '2023-04-13', 518),
(519, '40399700 - HERNANDEZ', '2023-04-13', 519),
(520, '40399755 - ROJAS', '2023-04-13', 520),
(521, '73508514 - PEREZ', '2023-04-13', 521),
(522, '85483812 - DIAZ', '2023-04-13', 522),
(523, '4528316 - QUERAGAMA', '2023-04-13', 523),
(524, '52960209 - PEÑA', '2023-04-13', 524),
(525, '52482741 - ZAMORA', '2023-04-13', 525),
(526, '14873038 - CARRILLO', '2023-04-13', 526),
(527, '24100393 - MEDINA', '2023-04-13', 527),
(528, '31378288 - VALENCIA', '2023-04-13', 528),
(529, '16487485 - GARCES', '2023-04-13', 529),
(530, '31655220 - ROBLEDO', '2023-04-14', 530),
(531, '115067548 - CALDERON', '2023-04-14', 531),
(532, '29547409 - REINA', '2023-04-14', 532),
(533, '29399273 - PASTRANA', '2023-04-14', 533),
(534, '31994391 - FIGUEROA', '2023-04-14', 534),
(535, '16379846 - SERRANO', '2023-04-14', 535),
(536, '1116249659 - SALDAÑA', '2023-04-14', 536),
(537, '26649989 - IMBACHI', '2023-04-14', 537),
(538, '20485678 - CASIANO', '2023-04-14', 538),
(539, '1144132048 - GIRALDO', '2023-04-14', 539),
(540, '14442098 - CHAVARRIAGA', '2023-04-14', 540),
(541, '31992288 - MEJIA', '2023-04-14', 541),
(542, '16598867 - IDARRAGA', '2023-04-14', 542),
(543, '1144210631 - LONGA', '2023-04-14', 543),
(544, '16792588 - GONZALEZ', '2023-04-14', 544),
(545, '1052392478 - CHAPARRO', '2023-04-14', 545),
(546, '23925716 - PLAZAS', '2023-04-14', 546),
(547, '51983986 - TOCARRUNCHO', '2023-04-14', 547),
(548, '23752235 - ALVAREZ', '2023-04-14', 548),
(549, '24133863 - VILLANUEVA', '2023-04-14', 549),
(550, '39809316 - ORJUELA', '2023-04-14', 550),
(551, '80131620 - CUERVO', '2023-04-14', 551),
(552, '1053585622 - TOBOS', '2023-04-14', 552),
(553, '6228829 - RODRIGUEZ', '2023-04-14', 553),
(554, '29702704 - CAMPOS', '2023-04-14', 554),
(555, '80731102 - TORRES', '2023-04-14', 555),
(556, '34604315 - HURTADO', '2023-04-14', 556),
(557, '6383178 - ACERO', '2023-04-14', 557),
(558, '77189740 - PALACIO', '2023-04-14', 558),
(559, '23508643 - PALACIOS', '2023-04-14', 559),
(560, '33379045 - AVENDAÑO', '2023-04-14', 560),
(561, '1057598839 - TOBO', '2023-04-14', 561),
(562, '40039125 - LOPEZ', '2023-04-14', 562),
(563, '1054801986 - PAEZ', '2023-04-14', 563),
(564, '23755860 - PARRALES', '2023-04-14', 564),
(565, '1103105106 - PEREZ', '2023-04-14', 565),
(566, '1065592350 - AREVALO', '2023-04-14', 566),
(567, '33367703 - MORA', '2023-04-14', 567),
(568, '31140788 - CORREA', '2023-04-14', 568),
(569, '1088974616 - MUÑOZ', '2023-04-14', 569),
(570, '16681307 - CORDOBA', '2023-04-14', 570),
(571, '32946026 - RODRIGUEZ', '2023-04-14', 571),
(572, '41678324 - GUTIERREZ', '2023-04-14', 572),
(573, '24584817 - GARCIA', '2023-04-14', 573),
(574, '51668973 - BELTRAN', '2023-04-14', 574),
(575, '52029097 - RODRIGUEZ', '2023-04-14', 575),
(576, '1077033805 - GONZALEZ', '2023-04-14', 576),
(684, '52690343 - VELA', '2023-04-03', 589);

-- --------------------------------------------------------

--
-- Estructura de tabla para la tabla `documentot`
--

CREATE TABLE `documentot` (
  `Consecutivof` varchar(7) DEFAULT NULL,
  `Tipof` varchar(10) DEFAULT NULL,
  `NombreT` varchar(255) DEFAULT NULL,
  `ID_Persona` int(10) DEFAULT NULL
) ENGINE=InnoDB DEFAULT CHARSET=utf8 COLLATE=utf8_general_ci;

--
-- Volcado de datos para la tabla `documentot`
--

INSERT INTO `documentot` (`Consecutivof`, `Tipof`, `NombreT`, `ID_Persona`) VALUES
('1', 'T1', 'JUAN', 1),
('2', 'T1', 'HECTOR', 2),
('3', 'T1', 'JAIME', 3),
('4', 'T1', 'JYMMY', 4),
('5', 'T1', 'LAURA', 5),
('6', 'T1', 'HERLI', 6),
('7', 'T1', 'MARIA', 7),
('8', 'T1', 'JORGE', 8),
('9', 'T1', 'JULIAN', 9),
('10', 'T1', 'DIANA', 10),
('11', 'T1', 'LUZ', 11),
('12', 'T1', 'JAIME', 12),
('13', 'T1', 'LUZ', 13),
('65', 'T1', 'OSCAR', 14),
('15', 'T1', 'MARIA', 15),
('16', 'T1', 'NELLER', 16),
('17', 'T1', 'JADERTH', 17),
('18', 'T1', 'SANDRA', 18),
('19', 'T1', 'FABIAN', 19),
('20', 'T1', 'PAOLA', 20),
('21', 'T1', 'CLAUDIA', 21),
('22', 'T1', 'AGUEDA', 22),
('23', 'T1', 'MARTHA', 23),
('24', 'T1', 'JOHANNA', 24),
('25', 'T1', 'MARGARITA', 25),
('80', 'T1', 'YECID', 26),
('27', 'T1', 'GUILLERMO', 27),
('28', 'T1', 'YESID', 28),
('42', 'T1', 'ALEXANDER', 42),
('43', 'T1', 'LEONARDO', 43),
('44', 'T1', 'INES', 44),
('45', 'T1', 'JESUS', 45),
('46', 'T1', 'EDNA', 46),
('47', 'T1', 'GISELL', 47),
('48', 'T1', 'CARLOS', 48),
('49', 'T1', 'JOHN', 49),
('50', 'T1', 'OTONIEL', 50),
('51', 'T1', 'PAOLA', 51),
('52', 'T1', 'JOHN', 52),
('53', 'T1', 'LUZ', 53),
('54', 'T1', 'MARIA', 54),
('55', 'T1', 'ANA', 55),
('56', 'T1', 'CLAUDIA', 56),
('57', 'T1', 'RAMIRO', 57),
('58', 'T1', 'YESID', 58),
('59', 'T1', 'PAULA', 59),
('60', 'T1', 'MILENA', 60),
('61', 'T1', 'RUBY', 61),
('62', 'T1', 'JOSE', 62),
('63', 'T1', 'DIANA', 63),
('64', 'T1', 'HAROLD', 64),
('65', 'T1', 'OSCAR', 65),
('66', 'T1', 'MARTHA', 66),
('67', 'T1', 'HELVER', 67),
('68', 'T1', 'PAOLA', 68),
('69', 'T1', 'ERMINDA', 69),
('70', 'T1', 'INGRID', 70),
('71', 'T1', 'JUAN', 71),
('72', 'T1', 'JULIO', 72),
('73', 'T1', 'EDGAR', 73),
('74', 'T1', 'EDISSON', 74),
('75', 'T1', 'DAVID', 75),
('76', 'T1', 'JAVIER', 76),
('77', 'T1', 'LEIDY', 77),
('78', 'T1', 'JADERTH', 78),
('79', 'T1', 'DAMARIS', 79),
('80', 'T1', 'YECID', 80),
('81', 'T1', 'MANUEL', 81),
('82', 'T1', 'MARIA', 82),
('83', 'T1', 'ANELSA', 83),
('84', 'T1', 'YASMINE', 84),
('85', 'T1', 'RAFAEL', 85),
('86', 'T1', 'MONICA', 86),
('87', 'T1', 'CARLOS', 87),
('88', 'T1', 'LUCILA', 88),
('89', 'T1', 'JOSUE', 89),
('90', 'T1', 'LICED', 90),
('91', 'T1', 'ERIKA', 91),
('92', 'T1', 'ADRIANA', 92),
('93', 'T1', 'GIOVANNY', 93),
('94', 'T1', 'OSCAR', 94),
('95', 'T1', 'MARTHA', 95),
('96', 'T1', 'YOLIMA', 96),
('97', 'T1', 'AIMER', 97),
('98', 'T1', 'SANDRA', 98),
('99', 'T1', 'JORGE', 99),
('100', 'T1', 'DIANA', 100),
('101', 'T1', 'MARIA', 101),
('102', 'T1', 'MARIA', 102),
('103', 'T1', 'TERESA', 103),
('104', 'T1', 'MARIA', 104),
('105', 'T1', 'MARIANA', 105),
('106', 'T1', 'CRUZ', 106),
('107', 'T1', 'LUCIA', 107),
('108', 'T1', 'DIANA', 108),
('109', 'T1', 'LAURA', 109),
('110', 'T1', 'JOSE', 110),
('111', 'T1', 'JANET', 111),
('112', 'T1', 'DANIEL', 112),
('113', 'T1', 'NORELY', 113),
('114', 'T1', 'LUZ', 114),
('115', 'T1', 'ROSELINA', 115),
('116', 'T1', 'DIEGO', 116),
('117', 'T1', 'LUISA', 117),
('118', 'T1', 'MAYNCOLL', 118),
('119', 'T1', 'MONICA', 119),
('120', 'T1', 'MARIA', 120),
('121', 'T1', 'JOHANA', 121),
('122', 'T1', 'DIANA', 122),
('123', 'T1', 'JESUS', 123),
('124', 'T1', 'ANA', 124),
('125', 'T1', 'JORGE', 125),
('126', 'T1', 'JHON', 126),
('127', 'T1', 'ALDAIR', 127),
('128', 'T1', 'MARLENE', 128),
('129', 'T1', 'LUIS', 129),
('130', 'T1', 'OLGA', 130),
('131', 'T1', 'LEONARDO', 131),
('132', 'T1', 'TULIO', 132),
('133', 'T1', 'SANDRA', 133),
('134', 'T1', 'LUIS', 134),
('135', 'T1', 'DIANA', 135),
('136', 'T1', 'BLANCA', 136),
('137', 'T1', 'BLANCA', 137),
('138', 'T1', 'JUAN', 138),
('139', 'T1', 'MANUEL', 139),
('140', 'T1', 'SANDRA', 140),
('141', 'T1', 'EDITH', 141),
('142', 'T1', 'EDGAR', 142),
('143', 'T1', 'CARLOS', 143),
('144', 'T1', 'LILIANA', 144),
('145', 'T1', 'ANDRES', 145),
('146', 'T1', 'CASTELLANOS', 146),
('147', 'T1', 'EGULO', 147),
('148', 'T1', 'YULY', 148),
('149', 'T1', 'WILSON', 149),
('150', 'T1', 'CLAUDIA', 150),
('151', 'T1', 'CARLOS', 151),
('152', 'T1', 'EDITH', 152),
('153', 'T1', 'JESUS', 153),
('154', 'T1', 'MARIA', 154),
('155', 'T1', 'EDDY', 155),
('156', 'T1', 'JUAN', 156),
('157', 'T1', 'LA', 157),
('158', 'T1', 'WILLIAM', 158),
('159', 'T1', 'FERNANDO', 159),
('160', 'T1', 'JUAN', 160),
('161', 'T1', 'SANDRA', 161),
('162', 'T1', 'GLORIA', 162),
('163', 'T1', 'LUZ', 163),
('164', 'T1', 'LUZ', 164),
('165', 'T1', 'ALEYDI', 165),
('166', 'T1', 'MILTON', 166),
('167', 'T1', 'JORGE', 167),
('168', 'T1', 'ANGELA', 168),
('169', 'T1', 'LILIANA', 169),
('170', 'T1', 'JORGE', 170),
('171', 'T1', 'ROSIO', 171),
('172', 'T1', 'LIZETTE', 172),
('173', 'T1', 'OLGA', 173),
('174', 'T1', 'YEISSON', 174),
('175', 'T1', 'JORGE', 175),
('176', 'T1', 'LEYDY', 176),
('177', 'T1', 'MATILDE', 177),
('178', 'T1', 'LIGIA', 178),
('179', 'T1', 'CATHERINE', 179),
('180', 'T1', 'ISABELLA', 180),
('181', 'T1', 'LUISA', 181),
('182', 'T1', 'SANDRA', 182),
('183', 'T1', 'FABIAN', 183),
('184', 'T1', 'NELLY', 184),
('185', 'T1', 'JOSE', 185),
('186', 'T1', 'GLORIA', 186),
('187', 'T1', 'GILBERTO', 187),
('188', 'T1', 'YUDY', 188),
('189', 'T1', 'LUIS', 189),
('190', 'T1', 'DAHIANA', 190),
('191', 'T1', 'DIANA', 191),
('192', 'T1', 'JEIMY', 192),
('193', 'T1', 'ARNOLD', 193),
('194', 'T1', 'NIDIA', 194),
('195', 'T1', 'WENDY', 195),
('196', 'T1', 'CARLOS', 196),
('197', 'T1', 'LIBY', 197),
('198', 'T1', 'PABLO', 198),
('199', 'T1', 'LUZ', 199),
('200', 'T1', 'ANGELA', 200),
('201', 'T1', 'ERIKA', 201),
('202', 'T1', 'KAREN', 202),
('203', 'T1', 'CARLOS', 203),
('204', 'T1', 'JESUS', 204),
('205', 'T1', 'XIOMARA', 205),
('206', 'T1', 'GEINER', 206),
('207', 'T1', 'MARIA', 207),
('208', 'T1', 'JUAN', 208),
('209', 'T1', 'MAYRA', 209),
('210', 'T1', 'PAULO', 210),
('211', 'T1', 'MARIA', 211),
('212', 'T1', 'LESHLY', 212),
('213', 'T1', 'ELIANA', 213),
('214', 'T1', 'DONAL', 214),
('215', 'T1', 'ANGELICA', 215),
('216', 'T1', 'MARCO', 216),
('217', 'T1', 'GLADYS', 217),
('218', 'T1', 'FERNANDO', 218),
('219', 'T1', 'BLANCA', 219),
('220', 'T1', 'JUAN', 220),
('221', 'T1', 'MARIA', 221),
('222', 'T1', 'SANDRA', 222),
('223', 'T1', 'OLMEDO', 223),
('224', 'T1', 'LILIANA', 224),
('225', 'T1', 'LUZ', 225),
('226', 'T1', 'LINA', 226),
('227', 'T1', 'RUBIELA', 227),
('228', 'T1', 'JULIO', 228),
('229', 'T1', 'DIEGO', 229),
('230', 'T1', 'BLANCA', 230),
('231', 'T1', 'SANDRA', 231),
('232', 'T1', 'LAURA', 232),
('233', 'T1', 'JAIDID', 233),
('234', 'T1', 'GLADYS?', 234),
('235', 'T1', 'HECTOR', 235),
('236', 'T1', 'ANDRES', 236),
('237', 'T1', 'YENIS', 237),
('238', 'T1', 'CARLOS', 238),
('239', 'T1', 'JORGE', 239),
('240', 'T1', 'JUAN', 240),
('241', 'T1', 'CARLOS', 241),
('242', 'T1', 'LUZ', 242),
('243', 'T1', 'MARTHA', 243),
('244', 'T1', 'CATALINA', 244),
('245', 'T1', 'STEVAN', 245),
('246', 'T1', 'MARTHA', 246),
('247', 'T1', 'PAULA', 247),
('248', 'T1', 'LUZ', 248),
('249', 'T1', 'NICOLAS', 249),
('250', 'T1', 'MARIELA', 250),
('251', 'T1', 'FERNANDO', 251),
('252', 'T1', 'HILDA', 252),
('253', 'T1', 'LINA', 253),
('254', 'T1', 'JESUS', 254),
('255', 'T1', 'JOSE', 255),
('256', 'T1', 'JULIO', 256),
('257', 'T1', 'EMILIO', 257),
('258', 'T1', 'HAROLD', 258),
('259', 'T1', 'ILSE', 259),
('260', 'T1', 'ELIANA', 260),
('261', 'T1', 'ADRIANO', 261),
('262', 'T1', 'FABIO', 262),
('263', 'T1', 'CRISTINA', 263),
('264', 'T1', 'LILIANA', 264),
('265', 'T1', 'LILIANA', 265),
('266', 'T1', 'ROSMERY', 266),
('267', 'T1', 'MARTA', 267),
('268', 'T1', 'OLGA', 268),
('269', 'T1', 'RAQUEL', 269),
('270', 'T1', 'JHON', 270),
('271', 'T1', 'VIVIANA', 271),
('272', 'T1', 'NUCIELA', 272),
('273', 'T1', 'ESTEFANY', 273),
('274', 'T1', 'ROMULO', 274),
('275', 'T1', 'JOSE', 275),
('276', 'T1', 'JONNY', 276),
('277', 'T1', 'MARIA', 277),
('278', 'T1', 'WILMER', 278),
('279', 'T1', 'MARIA', 279),
('280', 'T1', 'ERIKA', 280),
('281', 'T1', 'NESTOR', 281),
('282', 'T1', 'GUSTAVO', 282),
('283', 'T1', 'MARTHA', 283),
('284', 'T1', 'OSCAR', 284),
('285', 'T1', 'DIANA', 285),
('286', 'T1', 'ADRIANA', 286),
('287', 'T1', 'MERCEDES', 287),
('288', 'T1', 'VIVIANA', 288),
('289', 'T1', 'JULIETH', 289),
('290', 'T1', 'JARMIN', 290),
('291', 'T1', 'LESLIES', 291),
('292', 'T1', 'LIBIA', 292),
('293', 'T1', 'SERGIO', 293),
('294', 'T1', 'GIOVANNI', 294),
('295', 'T1', 'MARTHA', 295),
('296', 'T1', 'LISSETTE', 296),
('297', 'T1', 'YEISON', 297),
('298', 'T1', 'NANCY', 298),
('299', 'T1', 'MARIA', 299),
('300', 'T1', 'CARLOS', 300),
('301', 'T1', 'BLANCA', 301),
('302', 'T1', 'ANA', 302),
('303', 'T1', 'FABIAN', 303),
('304', 'T1', 'MARIA', 304),
('305', 'T1', 'ALEJANDRO', 305),
('306', 'T1', 'LEONEL', 306),
('307', 'T1', 'EDWIN', 307),
('308', 'T1', 'YURI', 308),
('309', 'T1', 'LUIS', 309),
('310', 'T1', 'CAROLINA', 310),
('311', 'T1', 'ESTEBAN', 311),
('312', 'T1', 'LUZ', 312),
('313', 'T1', 'VALLE', 313),
('314', 'T1', 'EUGENIA', 314),
('315', 'T1', 'FRANCY', 315),
('316', 'T1', 'ALVARO', 316),
('317', 'T1', 'YULIANA', 317),
('318', 'T1', 'MARIELA', 318),
('319', 'T1', 'LUZ', 319),
('320', 'T1', 'DIANA', 320),
('321', 'T1', 'JAIME', 321),
('322', 'T1', 'JOHANNA', 322),
('323', 'T1', 'MISAEL', 323),
('324', 'T1', 'MARIO', 324),
('325', 'T1', 'DANILO', 325),
('326', 'T1', 'MARIA', 326),
('327', 'T1', 'ALBA', 327),
('328', 'T1', 'ANTONIO', 328),
('329', 'T1', 'CARLOS', 329),
('330', 'T1', 'JUDITH', 330),
('331', 'T1', 'MARIA', 331),
('332', 'T1', 'NIDYA', 332),
('333', 'T1', 'AIDA', 333),
('334', 'T1', 'ADRIANA', 334),
('335', 'T1', 'MARIA', 335),
('336', 'T1', 'FERNANDO', 336),
('337', 'T1', 'CARLOS', 337),
('338', 'T1', 'JUAN', 338),
('339', 'T1', 'JENNIFER', 339),
('340', 'T1', 'ANDRES', 340),
('341', 'T1', 'JOSE', 341),
('342', 'T1', 'JULIETH', 342),
('343', 'T1', 'MARIA', 343),
('344', 'T1', 'EIBER', 344),
('345', 'T1', 'DIANA', 345),
('346', 'T1', 'LAURA', 346),
('347', 'T1', 'SONIA', 347),
('348', 'T1', 'MARIBEL', 348),
('349', 'T1', 'ANGELA', 349),
('350', 'T1', 'RAMIRO', 350),
('351', 'T1', 'MARTHA', 351),
('352', 'T1', 'CAROLINA', 352),
('353', 'T1', 'WILSON', 353),
('354', 'T1', 'KATIA', 354),
('355', 'T1', 'MARIBEL', 355),
('356', 'T1', 'RUBEN', 356),
('357', 'T1', 'FRANCISCO', 357),
('358', 'T1', 'JUAN', 358),
('359', 'T1', 'LILIANA', 359),
('360', 'T1', 'ANDREA', 360),
('361', 'T1', 'CARLOS', 361),
('362', 'T1', 'CINDY', 362),
('363', 'T1', 'JUAN', 363),
('364', 'T1', 'JOSE', 364),
('365', 'T1', 'ALBA', 365),
('367', 'T1', 'LUZ', 367),
('368', 'T1', 'MARIA', 368),
('369', 'T1', 'DIANA', 369),
('370', 'T1', 'MARIA', 370),
('371', 'T1', 'HARVY', 371),
('372', 'T1', 'HERNANDO', 372),
('373', 'T1', 'FABIAN', 373),
('374', 'T1', 'MARIA', 374),
('375', 'T1', 'FLOR', 375),
('376', 'T1', 'ROSMERY', 376),
('377', 'T1', 'LISANDRO', 377),
('378', 'T1', 'MARIA', 378),
('379', 'T1', 'NERY', 379),
('380', 'T1', 'ARTEAGA', 380),
('381', 'T1', 'FABIOLA', 381),
('382', 'T1', 'VICTOR', 382),
('383', 'T1', 'ANA', 383),
('384', 'T1', 'NELSON', 384),
('385', 'T1', 'ARQUIMEDES', 385),
('386', 'T1', 'JUAN', 386),
('387', 'T1', 'JUAN', 387),
('388', 'T1', 'PATRICIA', 388),
('389', 'T1', 'JULIAN', 389),
('390', 'T1', 'JOSE', 390),
('391', 'T1', 'JHON', 391),
('392', 'T1', 'WILLIAM', 392),
('393', 'T1', 'LISETH', 393),
('394', 'T1', 'MARIA', 394),
('395', 'T1', 'CHRISTIAN', 395),
('396', 'T1', 'GLORIA', 396),
('397', 'T1', 'OSCAR', 397),
('398', 'T1', 'MONICA', 398),
('399', 'T1', 'KEVYN', 399),
('400', 'T1', 'ADRIANA', 400),
('401', 'T1', 'MARINA', 401),
('402', 'T1', 'YOVANY', 402),
('403', 'T1', 'LAIVER', 403),
('404', 'T1', 'YANITZA', 404),
('405', 'T1', 'NELLY', 405),
('406', 'T1', 'MERCEDITAS', 406),
('407', 'T1', 'SEBASTIAN', 407),
('408', 'T1', 'LINA', 408),
('409', 'T1', 'NELSY', 409),
('410', 'T1', 'MARINO', 410),
('411', 'T1', 'MARIA', 411),
('412', 'T1', 'FRANCY', 412),
('413', 'T1', 'HUGO', 413),
('414', 'T1', 'JOSE', 414),
('415', 'T1', 'MARIA', 415),
('416', 'T1', 'JULIETA', 416),
('417', 'T1', 'AMPARO', 417),
('418', 'T1', 'JAQUELINE', 418),
('419', 'T1', 'SANDRA', 419),
('420', 'T1', 'MARIO', 420),
('421', 'T1', 'MIGUEL', 421),
('422', 'T1', 'MARIA', 422),
('423', 'T1', 'DIEGO', 423),
('424', 'T1', 'KELLY', 424),
('425', 'T1', 'DARLY', 425),
('426', 'T1', 'STELLA', 426),
('427', 'T1', 'ANA', 427),
('428', 'T1', 'ANA', 428),
('429', 'T1', 'FERNANDO', 429),
('430', 'T1', 'FERNANDO', 430),
('431', 'T1', 'LEIDY', 431),
('432', 'T1', 'DORA', 432),
('433', 'T1', 'INES', 433),
('434', 'T1', 'DIANA', 434),
('435', 'T1', 'MARIA', 435),
('436', 'T1', 'MARIA', 436),
('437', 'T1', 'LUISA', 437),
('438', 'T1', 'STEFANNYA', 438),
('439', 'T1', 'BEJARANO', 439),
('440', 'T1', 'JOSE', 440),
('441', 'T1', 'RAUL', 441),
('442', 'T1', 'JULIO', 442),
('443', 'T1', 'PATRICIA', 443),
('444', 'T1', 'MARIA', 444),
('445', 'T1', 'JINNA', 445),
('446', 'T1', 'NEIVER', 446),
('447', 'T1', 'LIBARDO', 447),
('448', 'T1', 'HERNANDO', 448),
('449', 'T1', 'TEODORO', 449),
('450', 'T1', 'CARLOS', 450),
('451', 'T1', 'MARTHA', 451),
('452', 'T1', 'JESUS', 452),
('453', 'T1', 'MARIA', 453),
('454', 'T1', 'ANA', 454),
('455', 'T1', 'FLOR', 455),
('456', 'T1', 'JORGE', 456),
('457', 'T1', 'ROSALBINA', 457),
('458', 'T1', 'RODOLFO', 458),
('459', 'T1', 'DANIEL', 459),
('460', 'T1', 'LESLIE', 460),
('461', 'T1', 'OSCAR', 461),
('462', 'T1', 'JOHN', 462),
('463', 'T1', 'ESEQUIEL', 463),
('464', 'T1', 'JAVIER', 464),
('465', 'T1', 'DUQUE', 465),
('466', 'T1', 'PABLO', 466),
('467', 'T1', 'MONICA', 467),
('468', 'T1', 'FREDY', 468),
('469', 'T1', 'LUZ', 469),
('470', 'T1', 'STIVEN', 470),
('471', 'T1', 'ALVARO', 471),
('472', 'T1', 'RUBY', 472),
('473', 'T1', 'OSMER', 473),
('474', 'T1', 'EDY', 474),
('475', 'T1', 'JESUS', 475),
('476', 'T1', 'LUZ', 476),
('477', 'T1', 'ANTONIO', 477),
('478', 'T1', '0', 478),
('479', 'T1', 'DORIS', 479),
('480', 'T1', 'DANIEL', 480),
('481', 'T1', 'JIMMY', 481),
('482', 'T1', 'EIDERSON', 482),
('483', 'T1', 'JOSE', 483),
('484', 'T1', '0', 484),
('485', 'T1', 'FREDY', 485),
('486', 'T1', 'HERMANN', 486),
('487', 'T1', 'MAGNOLIA', 487),
('488', 'T1', 'CESAR', 488),
('489', 'T1', 'SUSANA', 489),
('490', 'T1', 'CAROL', 490),
('491', 'T1', 'JUAN', 491),
('492', 'T1', 'CRISTIAN', 492),
('493', 'T1', 'GALVIZ', 493),
('494', 'T1', 'LEIDY', 494),
('495', 'T1', 'BRAYAN', 495),
('496', 'T1', 'WILLIAN', 496),
('497', 'T1', 'FERNEY', 497),
('498', 'T1', 'JOSE', 498),
('499', 'T1', 'JOSE', 499),
('500', 'T1', 'JUAN', 500),
('501', 'T1', 'GLORIA', 501),
('502', 'T1', 'MELISA', 502),
('503', 'T1', 'YESSICA', 503),
('504', 'T1', 'ANSELMA', 504),
('505', 'T1', 'ALBERTO', 505),
('506', 'T1', 'LUISA', 506),
('507', 'T1', 'LUZ', 507),
('508', 'T1', 'YOFAN', 508),
('509', 'T1', 'CLAUDIA', 509),
('510', 'T1', 'MARIA', 510),
('511', 'T1', 'MARIA', 511),
('512', 'T1', 'GERMAN', 512),
('513', 'T1', 'GLORIA', 513),
('514', 'T1', 'OMAIRA', 514),
('515', 'T1', 'LINA', 515),
('516', 'T1', 'KATHERINE', 516),
('517', 'T1', 'MARIA', 517),
('518', 'T1', 'LUZ', 518),
('519', 'T1', 'DOLY', 519),
('520', 'T1', 'MONICA', 520),
('521', 'T1', 'CARLOS', 521),
('522', 'T1', 'ROBERT', 522),
('523', 'T1', 'RUVIN', 523),
('524', 'T1', 'MONICA', 524),
('525', 'T1', 'MARIA', 525),
('526', 'T1', 'MANUEL', 526),
('527', 'T1', 'YANETH', 527),
('528', 'T1', 'PEREA', 528),
('529', 'T1', 'ELBER', 529),
('530', 'T1', 'FLOR', 530),
('531', 'T1', 'JEISSON', 531),
('532', 'T1', 'BEATRIZ', 532),
('533', 'T1', 'MARIA', 533),
('534', 'T1', 'NANCY', 534),
('535', 'T1', 'HUGO', 535),
('536', 'T1', 'LAKXMY', 536),
('537', 'T1', 'LUZ', 537),
('538', 'T1', 'LUZ', 538),
('539', 'T1', 'FRANCIA', 539),
('540', 'T1', 'LUIS', 540),
('541', 'T1', 'NANCY', 541),
('542', 'T1', 'LUIS', 542),
('543', 'T1', 'AURELIO', 543),
('544', 'T1', 'JUAN', 544),
('545', 'T1', 'LEIDY', 545),
('546', 'T1', 'MARIA', 546),
('547', 'T1', 'CLARA', 547),
('548', 'T1', 'HUERTAS', 548),
('549', 'T1', 'NELLY', 549),
('550', 'T1', 'JANETH', 550),
('551', 'T1', 'EDWIN', 551),
('552', 'T1', 'RODRIGO', 552),
('553', 'T1', 'WILMER', 553),
('554', 'T1', 'RUBIELA', 554),
('555', 'T1', 'ASHLEY', 555),
('556', 'T1', 'MARIA', 556),
('557', 'T1', 'RUBEN', 557),
('558', 'T1', 'ANDERSON', 558),
('559', 'T1', 'ELSA', 559),
('560', 'T1', 'LEYDY', 560),
('561', 'T1', 'CESAR', 561),
('562', 'T1', 'LUZ', 562),
('563', 'T1', 'JUAN', 563),
('564', 'T1', 'DORA', 564),
('565', 'T1', 'ELIANA', 565),
('566', 'T1', 'KALEYDIS', 566),
('567', 'T1', 'MARYCEL', 567),
('568', 'T1', 'TERESA', 568),
('569', 'T1', 'JENNIFER', 569),
('570', 'T1', 'CARLOS', 570),
('571', 'T1', 'ARLEEN', 571),
('572', 'T1', 'MARIA', 572),
('573', 'T1', 'SULNERY', 573),
('574', 'T1', 'PATRICIA', 574),
('575', 'T1', 'DIANA', 575),
('576', 'T1', 'LINDA', 576),
('N/A17', 'N/A', '', 589);

-- --------------------------------------------------------

--
-- Estructura de tabla para la tabla `persona`
--

CREATE TABLE `persona` (
  `ID` int(10) NOT NULL,
  `Cedula` varchar(20) DEFAULT NULL,
  `Nombre` varchar(35) DEFAULT NULL,
  `Apellidos` varchar(60) DEFAULT NULL,
  `Score` varchar(4) DEFAULT NULL,
  `Reporte` varchar(20) DEFAULT NULL,
  `CuentaAsociada` varchar(7) DEFAULT NULL,
  `Agencia` varchar(30) DEFAULT NULL,
  `Estado` varchar(2) DEFAULT NULL,
  `Campo1` varchar(20) DEFAULT NULL,
  `Campo2` varchar(20) DEFAULT NULL,
  `Campo3` varchar(20) DEFAULT NULL,
  `Campo4` varchar(20) DEFAULT NULL,
  `Campo5` varchar(20) DEFAULT NULL,
  `Campo6` varchar(20) DEFAULT NULL,
  `Campo7` varchar(20) DEFAULT NULL,
  `Campo8` varchar(20) DEFAULT NULL,
  `Campo9` varchar(20) DEFAULT NULL,
  `Campo10` varchar(20) DEFAULT NULL
) ENGINE=InnoDB DEFAULT CHARSET=utf8 COLLATE=utf8_general_ci;

--
-- Volcado de datos para la tabla `persona`
--

INSERT INTO `persona` (`ID`, `Cedula`, `Nombre`, `Apellidos`, `Score`, `Reporte`, `CuentaAsociada`, `Agencia`, `Estado`, `Campo1`, `Campo2`, `Campo3`, `Campo4`, `Campo5`, `Campo6`, `Campo7`, `Campo8`, `Campo9`, `Campo10`) VALUES
(1, '1006794772', 'JUAN DIEGO ', 'MONTEALEGRE SANABRIA', 'S/E', 'N', '117718', 'Cali', 'N', '', '', '', '', '', '', '', '', '', ''),
(2, '1070964653', 'HECTOR OSWALDO ', 'GALINDO AMAYA', 'S/E', '', '117778', 'CALI', 'N', '', '', '', '', '', '', '', '', '', ''),
(3, '9529157', 'JAIME ALBERTO ', 'BARRAGAN SOCHA', 'S/E', 'N', '117733', 'Cali', 'N', '', '', '', '', '', '', '', '', '', ''),
(4, '1121964041', 'JYMMY LEONARDO ', 'RODRIGUEZ SANCHEZ', 'S/E', 'N', '117791', 'Cali', 'N', '', '', '', '', '', '', '', '', '', ''),
(5, '1006552790', 'LAURA DANIELA ', 'PIRIACHI HOROPA', 'S/E', 'N', '117794', 'Cali', 'N', '', '', '', '', '', '', '', '', '', ''),
(6, '52354424', 'HERLI SOLEY ', 'MONSALVE PASTRAN', 'S/E', 'N', '117805', 'Cali', 'N', '', '', '', '', '', '', '', '', '', ''),
(7, '31158977', 'MARIA ROSARIO ', 'GIRON CEDEÑO', 'S/E', 'N', '117806', 'Cali', 'N', '', '', '', '', '', '', '', '', '', ''),
(8, '1073812331', 'JORGE ENRIQUE ', 'VEGA BERROCAL', 'S/E', 'N', '117961', 'Cali', 'N', '', '', '', '', '', '', '', '', '', ''),
(9, '1007449276', 'JULIAN MATEO ', 'PEREZ RODRIGUEZ', 'S/E', 'N', '117829', 'Cali', 'N', '', '', '', '', '', '', '', '', '', ''),
(10, '1058274090', 'DIANA MILENA ', 'ABRIL ALVAREZ', 'S/E', 'N', '117875', 'Cali', 'N', '', '', '', '', '', '', '', '', '', ''),
(11, '36457388', 'LUZ ANGELA ', 'RIATIGA ORDUZ', 'S/E', 'N', '117880', 'Cali', 'N', '', '', '', '', '', '', '', '', '', ''),
(12, '94151612', 'JAIME  ', 'CACERES ASPRILLA', 'S/E', 'N', '117881', 'Cali', 'N', '', '', '', '', '', '', '', '', '', ''),
(13, '66767900', 'LUZ DARY ', 'RENTERIA MIRANDA', 'S/E', 'N', '117935', 'Cali', 'N', '', '', '', '', '', '', '', '', '', ''),
(14, '17338535', 'OSCAR ERNESTO ', 'LONDOÑO PARRADO', '847', 'N', '118061', 'Cali', 'N', '', '', '', '', '', '', '', '', '', ''),
(15, '1144160704', 'MARIA JIMENA ', 'LANDAZURI HURTADO', '868', 'N', '118062', 'Cali', 'N', '', '', '', '', '', '', '', '', '', ''),
(16, '1115852552', 'NELLER  ', 'ORTIZ GUANAY', '699', 'N', '118063', 'Cali', 'N', '', '', '', '', '', '', '', '', '', ''),
(17, '16550319', 'JADERTH  ', 'ORJUELA GORDILLO', '373', 'N', '118064', 'Cali', 'N', '', '', '', '', '', '', '', '', '', ''),
(18, '38551210', 'SANDRA PATRICIA ', 'RODRIGUEZ ZUÑIGA', '720', 'N', '118065', 'Cali', 'N', '', '', '', '', '', '', '', '', '', ''),
(19, '1024476770', 'FABIAN ANDRES ', 'BALLESTEROS ESCORCIA', '786', 'N', '118066', 'Cali', 'N', '', '', '', '', '', '', '', '', '', ''),
(20, '1116433462', 'PAOLA ANDREA ', 'CASTAÑO GOMEZ', '843', 'N', '118067', 'Cali', 'N', '', '', '', '', '', '', '', '', '', ''),
(21, '45761474', 'CLAUDIA MARIA ', 'VASQUEZ CABEZA', '814', 'N', '118068', 'Cali', 'N', '', '', '', '', '', '', '', '', '', ''),
(22, '1019002562', 'AGUEDA  ', 'CARDENAS PINZON', '895', 'N', '118069', 'Cali', 'N', '', '', '', '', '', '', '', '', '', ''),
(23, '31908527', 'MARTHA LUCIA ', 'GUERRA GARZON', '853', 'N', '118070', 'Cali', 'N', '', '', '', '', '', '', '', '', '', ''),
(24, '52823913', 'JOHANNA BEATRIZ ', 'SERRANO GUEPENDO', '713', 'N', '118071', 'Cali', 'N', '', '', '', '', '', '', '', '', '', ''),
(25, '34539654', 'MARGARITA ROSA ', 'LOPEZ LONDOÑO', '792', 'N', '118072', 'Cali', 'N', '', '', '', '', '', '', '', '', '', ''),
(26, '79947323', 'YECID ALBERTO ', 'CEPEDA CORREDOR', '809', 'N', '118073', 'Cali', 'N', '', '', '', '', '', '', '', '', '', ''),
(27, '16631602', 'GUILLERMO ALBERTO ', 'MARTINEZ AVENDAÑO', '634', 'N', '118074', 'Cali', 'N', '', '', '', '', '', '', '', '', '', ''),
(28, '13469798', 'YESID  ', 'TOLOZA YANEZ', '836', 'N', 'N/A', 'Cali', 'N', '', '', '', '', '', '', '', '', '', ''),
(42, '14251494', 'ALEXANDER  ', 'HERNANDEZ MAURICIO', '787', 'N', 'N/A', 'Cali', 'N', '', '', '', '', '', '', '', '', '', ''),
(43, '1106890188', 'LEONARDO ALFONSO ', 'AREVALO GALINDO', '796', 'N', '118012', 'Cali', 'N', '', '', '', '', '', '', '', '', '', ''),
(44, '31150155', 'INES  ', 'LOPEZ CHAMORRO', 'S/E', 'N', '117886', 'Cali', 'N', '', '', '', '', '', '', '', '', '', ''),
(45, '1059447871', 'JESUS JAVIER ', 'SINISTERRA MONTAÑO', '820', 'N', '118005', 'Cali', 'N', '', '', '', '', '', '', '', '', '', ''),
(46, '1088280621', 'EDNA JOHANA ', 'RAMIREZ DURAN', '530', 'N', 'N/A', 'Cali', 'N', '', '', '', '', '', '', '', '', '', ''),
(47, '1047347233', 'GISELL PAOLA ', 'BARROS ARTETA', '355', 'N', 'N/A', 'Cali', 'N', '', '', '', '', '', '', '', '', '', ''),
(48, '19405890', 'CARLOS ANIBAL ', 'CUELLAR LOPEZ', '663', 'N', '118024', 'Cali', 'N', '', '', '', '', '', '', '', '', '', ''),
(49, '9774384', 'JOHN FABER ', 'BEDOYA ACUÑA', '814', 'N', '118029', 'Cali', 'N', '', '', '', '', '', '', '', '', '', ''),
(50, '16548347', 'OTONIEL  ', 'MILLAN GARCIA', '481', 'N', 'N/A', 'Cali', 'N', '', '', '', '', '', '', '', '', '', ''),
(51, '1116433462', 'PAOLA ANDREA ', 'CASTAÑO GOMEZ', '772', 'N', '118067', 'Cali', 'N', '', '', '', '', '', '', '', '', '', ''),
(52, '1048690185', 'JOHN FREDDY ', 'ROJAS ANGARITA', '770', 'N', '118047', 'Cali', 'N', '', '', '', '', '', '', '', '', '', ''),
(53, '29813142', 'LUZ DARY ', 'VILLEGAS CHALARCA', '830', 'N', '118037', 'Cali', 'N', '', '', '', '', '', '', '', '', '', ''),
(54, '31396765', 'MARIA VICTORIA ', 'SALGUERO MARIN', '822', 'N', '118013', 'Cali', 'N', '', '', '', '', '', '', '', '', '', ''),
(55, '31380044', 'ANA GERTRUDIS ', 'CEDEÑO RENTERIA', '735', 'N', '118016', 'Cali', 'N', '', '', '', '', '', '', '', '', '', ''),
(56, '41950200', 'CLAUDIA XIMENA ', 'PINO GALLEGO', '821', 'N', '118035', 'Cali', 'N', '', '', '', '', '', '', '', '', '', ''),
(57, '10214293', 'RAMIRO  ', 'ROZO GOMEZ', '884', 'N', '118045', 'Cali', 'N', '', '', '', '', '', '', '', '', '', ''),
(58, '13469798', 'YESID  ', 'TOLOZA YAÑEZ', '771', 'N', '118075', 'Cali', 'N', '', '', '', '', '', '', '', '', '', ''),
(59, '1093768687', 'PAULA ANDREA ', 'RANGEL MARTINEZ', 'S/E', 'N', 'N/A', 'Cali', 'N', '', '', '', '', '', '', '', '', '', ''),
(60, '60399538', 'MILENA  ', 'BONILLA SANDRA', '393', 'N', 'N/A', 'Cali', 'N', '', '', '', '', '', '', '', '', '', ''),
(61, '38901996', 'RUBY ENSUEÑO ', 'LOPEZ LOPEZ', '812', 'N', '118042', 'Cali', 'N', '', '', '', '', '', '', '', '', '', ''),
(62, '6501611', 'JOSE LIONSON ', 'IBAÑEZ IBAGUE', '854', 'N', '118051', 'Cali', 'N', '', '', '', '', '', '', '', '', '', ''),
(63, '29757701', 'DIANA MILENA ', 'LOPEZ DAVILA', 'S/E', 'N', 'N/A', 'Cali', 'N', '', '', '', '', '', '', '', '', '', ''),
(64, '16365448', 'HAROLD  ', 'ASKAR VALENCIA', '569', 'N', '118079', 'Cali', 'N', '', '', '', '', '', '', '', '', '', ''),
(65, '17338535', 'OSCAR ERNESTO ', 'LONDOÑO PARRADO', '802', 'N', '118061', 'Cali', 'N', '', '', '', '', '', '', '', '', '', ''),
(66, '29328719', 'MARTHA CONSUELO ', 'GIRALDO SALAZAR', '797', 'N', '118150', 'Cali', 'N', '', '', '', '', '', '', '', '', '', ''),
(67, '79334400', 'HELVER DAVID ', 'FANDIÑO AREVALO', '854', 'N', 'N/A', 'Cali', 'N', '', '', '', '', '', '', '', '', '', ''),
(68, '52917373', 'PAOLA IGNACIA ', 'CASTILLO ESCUDERO', '784', 'N', '118083', 'Cali', 'N', '', '', '', '', '', '', '', '', '', ''),
(69, '52167021', 'ERMINDA  ', 'CHAVES ROSA', '811', 'N', 'N/A', 'Cali', 'N', '', '', '', '', '', '', '', '', '', ''),
(70, '1030622377', 'INGRID JOHANNA ', 'RODRIGUEZ DELGADILLO', 'S/E', 'N', 'N/A', 'Cali', 'N', '', '', '', '', '', '', '', '', '', ''),
(71, '79261855', 'JUAN CARLOS ', 'CUELLAR ROJAS', '793', 'N', '118141', 'Cali', 'N', '', '', '', '', '', '', '', '', '', ''),
(72, '12987042', 'JULIO CESAR ', 'MOLINA RUIZ', '879', 'N', '118131', 'Cali', 'N', '', '', '', '', '', '', '', '', '', ''),
(73, '12113615', 'EDGAR FRANCISCO ', 'CORREA BELTRAN', '879', 'N', 'N/A', 'Cali', 'N', '', '', '', '', '', '', '', '', '', ''),
(74, '1106888647', 'EDISSON ANDRES ', 'AREVALO GALINDO', '742', 'N', 'N/A', 'Cali', 'N', '', '', '', '', '', '', '', '', '', ''),
(75, '4518446', 'DAVID  ', 'ISAZA CHRISTIAN', '516', 'N', '118052', 'Cali', 'N', '', '', '', '', '', '', '', '', '', ''),
(76, '11435090', 'JAVIER HUMBERTO ', 'APONTE SUAREZ', '440', 'N', 'N/A', 'Cali', 'N', '', '', '', '', '', '', '', '', '', ''),
(77, '1116241836', 'LEIDY VANESSA ', 'GALLEGO MARTINEZ', '835', 'N', '118125', 'Cali', 'N', '', '', '', '', '', '', '', '', '', ''),
(78, '16550319', 'JADERTH  ', 'ORJUELA GORDILLO', '851', 'N', '118064', 'Cali', 'N', '', '', '', '', '', '', '', '', '', ''),
(79, '43508551', 'DAMARIS  ', 'MONTOYA MUÑOZ', '289', 'N', 'N/A', 'Cali', 'N', '', '', '', '', '', '', '', '', '', ''),
(80, '79947323', 'YECID ALBERTO ', 'CEPEDA CORREDOR', '804', 'N', '118073', 'Cali', 'N', '', '', '', '', '', '', '', '', '', ''),
(81, '19457419', 'MANUEL DE JESUS', 'DELGADILLO RANGEL', '815', 'N', '118078', 'Cali', 'N', '', '', '', '', '', '', '', '', '', ''),
(82, '51593852', 'MARIA  ', 'CONTENTO MARTINEZ', '889', 'N', '118204', 'Cali', 'N', '', '', '', '', '', '', '', '', '', ''),
(83, '46649006', 'ANELSA YURI ', 'PINILLA VIRGUES', '574', 'N', '118077', 'Cali', 'N', '', '', '', '', '', '', '', '', '', ''),
(84, '46370892', 'YASMINE  ', 'GOMEZ HERNANDEZ', '821', 'N', '118098', 'Cali', 'N', '', '', '', '', '', '', '', '', '', ''),
(85, '74189804', 'RAFAEL ANDRES ', 'VARGAS ORTEGA', '814', 'N', '118082', 'Cali', 'N', '', '', '', '', '', '', '', '', '', ''),
(86, '52738764', 'MONICA MARCELA ', 'PAEZ GAMBA', '471', 'N', '118087', 'Cali', 'N', '', '', '', '', '', '', '', '', '', ''),
(87, '13485641', 'CARLOS ALBERTO ', 'PEÑA CIPAGAUTA', '321', 'N', 'N/A', 'Cali', 'N', '', '', '', '', '', '', '', '', '', ''),
(88, '63341509', 'LUCILA  ', 'VARGAS RODRIGUEZ', '435', 'N', 'N/A', 'Cali', 'N', '', '', '', '', '', '', '', '', '', ''),
(89, '11210457', 'JOSUE  ', 'MUÑOZ BUITRAGO', '433', 'N', 'N/A', 'Cali', 'N', '', '', '', '', '', '', '', '', '', ''),
(90, '52755355', 'LICED  ', 'BARON PUENTES', '279', 'N', 'N/A', 'Cali', 'N', '', '', '', '', '', '', '', '', '', ''),
(91, '65782190', 'ERIKA LORENA ', 'HERNANDEZ ESCOBAR', '1', 'N', 'N/A', 'Cali', 'N', '', '', '', '', '', '', '', '', '', ''),
(92, '37087638', 'ADRIANA MARITZA ', 'IZQUIERDO SANTACRUZ', '801', 'N', '118196', 'Cali', 'N', '', '', '', '', '', '', '', '', '', ''),
(93, '1098694582', 'GIOVANNY ANDRES ', 'VILLAMIL RODRIGUEZ', '816', 'N', '118102', 'Cali', 'N', '', '', '', '', '', '', '', '', '', ''),
(94, '10085895', 'OSCAR  ', 'IZQUIERDO GARCIA', '792', 'N', '118084', 'Cali', 'N', '', '', '', '', '', '', '', '', '', ''),
(95, '40378912', 'MARTHA PATRICIA ', 'TORRES GOMEZ', '842', 'N', '118085', 'Cali', 'N', '', '', '', '', '', '', '', '', '', ''),
(96, '42133029', 'YOLIMA MARIA ', 'BUENO MENDOZA', '271', 'N', 'N/A', 'Cali', 'N', '', '', '', '', '', '', '', '', '', ''),
(97, '6336135', 'AIMER  ', 'PAZ CARABALI', '802', 'N', '118144', 'Cali', 'N', '', '', '', '', '', '', '', '', '', ''),
(98, '39655381', 'SANDRA PATRICIA ', 'CASTAÑEDA LEON', '852', 'N', '118086', 'Cali', 'N', '', '', '', '', '', '', '', '', '', ''),
(99, '80765907', 'JORGE ISAAC ', 'RAMIREZ INSUASTY', '755', 'N', '118096', 'Cali', 'N', '', '', '', '', '', '', '', '', '', ''),
(100, '29543670', 'DIANA MARIA ', 'GIL HERNANDEZ', '856', 'N', '118081', 'Cali', 'N', '', '', '', '', '', '', '', '', '', ''),
(101, '23423758', 'MARIA YANID ', 'RINTA ALFONSO', '844', 'N', '118088', 'Cali', 'N', '', '', '', '', '', '', '', '', '', ''),
(102, '59812974', 'MARIA MARGARITA ', 'RAMOS CORDOBA', '862', 'N', '118100', 'Cali', 'N', '', '', '', '', '', '', '', '', '', ''),
(103, '59830899', 'TERESA DE JESUS', 'NARVAEZ NARVAEZ', '859', 'N', '118138', 'Cali', 'N', '', '', '', '', '', '', '', '', '', ''),
(104, '1193385524', 'MARIA FERNANDA ', 'DELGADO VALLEJO', '713', 'N', '118094', 'Cali', 'N', '', '', '', '', '', '', '', '', '', ''),
(105, '38976567', 'MARIANA  ', 'TORRES GARCIA', '608', 'N', 'N/A', 'Cali', 'N', '', '', '', '', '', '', '', '', '', ''),
(106, '29868644', 'CRUZ NHORA ', 'GARCIA DE', '849', 'N', '118106', 'Cali', 'N', '', '', '', '', '', '', '', '', '', ''),
(107, '22069359', 'LUCIA MARGARITA ', 'GALEANO HENAO', '782', 'N', '118171', 'Cali', 'N', '', '', '', '', '', '', '', '', '', ''),
(108, '66963551', 'DIANA MARCELA ', 'SALAZAR BRICEÑO', '830', 'N', '118108', 'Cali', 'N', '', '', '', '', '', '', '', '', '', ''),
(109, '1116446584', 'LAURA VANESSA ', 'CABRERA PULIDO', '740', 'N', '118092', 'Cali', 'N', '', '', '', '', '', '', '', '', '', ''),
(110, '1045669660', 'JOSE ALFREDO ', 'LOBATO MONSALVO', '780', 'N', '118114', 'Cali', 'N', '', '', '', '', '', '', '', '', '', ''),
(111, '31389929', 'JANET  ', 'JIMENEZ GARZON', '498', 'N', 'N/A', 'Cali', 'N', '', '', '', '', '', '', '', '', '', ''),
(112, '1122649598', 'DANIEL FERNANDO ', 'PARALES DURAN', '636', 'N', '118093', 'Cali', 'N', '', '', '', '', '', '', '', '', '', ''),
(113, '1120366454', 'NORELY  ', 'PARRA URIBE', '361', 'N', 'N/A', 'Cali', 'N', '', '', '', '', '', '', '', '', '', ''),
(114, '25295046', 'LUZ CARMENZA ', 'ROMERO IMBACHI', '435', 'N', 'N/A', 'Cali', 'N', '', '', '', '', '', '', '', '', '', ''),
(115, '27296611', 'ROSELINA  ', 'FERNANDEZ SOLARTE', '876', 'N', '118099', 'Cali', 'N', '', '', '', '', '', '', '', '', '', ''),
(116, '76304702', 'DIEGO MARIA ', 'CALDERON BENAVIDES', '834', 'N', '118095', 'Cali', 'N', '', '', '', '', '', '', '', '', '', ''),
(117, '1121898918', 'LUISA FERNANDA ', 'BELTRAN BERNAL', '784', 'N', '117715', 'Cali', 'N', '', '', '', '', '', '', '', '', '', ''),
(118, '1114892394', 'MAYNCOLL STEVEN ', 'ARENAS MARTINEZ', '790', 'N', '117727', 'Cali', 'N', '', '', '', '', '', '', '', '', '', ''),
(119, '29307356', 'MONICA  ', 'WALLENS ESTRADA', '809', 'N', '117729', 'Cali', 'N', '', '', '', '', '', '', '', '', '', ''),
(120, '21177794', 'MARIA EDITH ', 'MENDEZ GONZALEZ', '469', 'N', '117730', 'Cali', 'N', '', '', '', '', '', '', '', '', '', ''),
(121, '37123801', 'JOHANA PATRICIA ', 'GUERRERO CORAL', '798', 'N', '117731', 'Cali', 'N', '', '', '', '', '', '', '', '', '', ''),
(122, '1092350612', 'DIANA KATHERINE ', 'PEÑARANDA CARRILLO', '401', 'N', '117735', 'Cali', 'N', '', '', '', '', '', '', '', '', '', ''),
(123, '16549071', 'JESUS EDUARDO ', 'LOPEZ CORTES', '383', 'N', '117737', 'Cali', 'N', '', '', '', '', '', '', '', '', '', ''),
(124, '29181714', 'ANA MARIA ', 'BOLAÑOS OSSA', '363', 'N', '117748', 'Cali', 'N', '', '', '', '', '', '', '', '', '', ''),
(125, '1002926438', 'JORGE ALBERTO ', 'MAMIAN RUIZ', '581', 'N', '117752', 'Cali', 'N', '', '', '', '', '', '', '', '', '', ''),
(126, '16281034', 'JHON JAIRO ', 'SABOGAL GUTIERREZ', '882', 'N', '117753', 'Cali', 'N', '', '', '', '', '', '', '', '', '', ''),
(127, '1116268479', 'ALDAIR ENRIQUE ', 'SANCHEZ SANCHEZ', '735', 'N', '117755', 'Cali', 'N', '', '', '', '', '', '', '', '', '', ''),
(128, '66675186', 'MARLENE  ', 'ESCOBAR GONZALEZ', '881', 'N', '117756', 'Cali', 'N', '', '', '', '', '', '', '', '', '', ''),
(129, '16891526', 'LUIS GEOVANI ', 'DAGUA PRADO', '836', 'N', '117757', 'Cali', 'N', '', '', '', '', '', '', '', '', '', ''),
(130, '29612272', 'OLGA MARINA ', 'BORJA BORJA', '881', 'N', '117760', 'Cali', 'N', '', '', '', '', '', '', '', '', '', ''),
(131, '94461025', 'LEONARDO  ', 'LONDOÑO SALAZAR', '526', 'N', '117762', 'Cali', 'N', '', '', '', '', '', '', '', '', '', ''),
(132, '10389339', 'TULIO  ', 'SANCHEZ SEGURA', '615', 'N', '117765', 'Cali', 'N', '', '', '', '', '', '', '', '', '', ''),
(133, '23780717', 'SANDRA LILIANA ', 'GONZALEZ SUAREZ', '794', 'N', '117810', 'Cali', 'N', '', '', '', '', '', '', '', '', '', ''),
(134, '16551537', 'LUIS EDUARDO ', 'AGUDELO CHAVERRA', '801', 'N', '117812', 'Cali', 'N', '', '', '', '', '', '', '', '', '', ''),
(135, '29832692', 'DIANA ISABEL ', 'OSORIO GIRALDO', '815', 'N', '117814', 'Cali', 'N', '', '', '', '', '', '', '', '', '', ''),
(136, '24175679', 'BLANCA OLGA ', 'CAMARGO MUÑOZ', '801', 'N', '117819', 'Cali', 'N', '', '', '', '', '', '', '', '', '', ''),
(137, '29328717', 'BLANCA LUCIA ', 'DUQUE OROZCO', '852', 'N', '117821', 'Cali', 'N', '', '', '', '', '', '', '', '', '', ''),
(138, '6356305', 'JUAN MANUEL ', 'ALVAREZ GRAJALES', '840', 'N', '117826', 'Cali', 'N', '', '', '', '', '', '', '', '', '', ''),
(139, '71782559', 'MANUEL ANDRES ', 'AGATON PEREZ', '450', 'N', '117827', 'Cali', 'N', '', '', '', '', '', '', '', '', '', ''),
(140, '1100685424', 'SANDRA MARCELA ', 'DIAZ ZUBIRIA', '381', 'N', '117828', 'Cali', 'N', '', '', '', '', '', '', '', '', '', ''),
(141, '29993044', 'EDITH  ', 'APONTE GAVIRIA', '322', 'N', '117845', 'Cali', 'N', '', '', '', '', '', '', '', '', '', ''),
(142, '94311226', 'EDGAR  ', 'SANCHEZ PEREA', '834', 'N', '117847', 'Cali', 'N', '', '', '', '', '', '', '', '', '', ''),
(143, '1098703342', 'CARLOS JULIO ', 'GELVEZ PEREZ', '195', 'N', '117850', 'Cali', 'N', '', '', '', '', '', '', '', '', '', ''),
(144, '1140833011', 'LILIANA ROCIO ', 'MEJIA POLO', '780', 'N', '117851', 'Cali', 'N', '', '', '', '', '', '', '', '', '', ''),
(145, '1076658077', 'ANDRES CAMILO ', 'BELLO ROCHA', '779', 'N', '117854', 'Cali', 'N', '', '', '', '', '', '', '', '', '', ''),
(146, '41660661', 'CASTELLANOS BLANCA LUCILA', 'MORALES DE', '890', 'N', '117856', 'Cali', 'N', '', '', '', '', '', '', '', '', '', ''),
(147, '7483034', 'EGULO CESAR ', 'FONTALVO HEREDIA', '412', 'N', '117857', 'Cali', 'N', '', '', '', '', '', '', '', '', '', ''),
(148, '1026265983', 'YULY PAULIN ', 'RAMOS LOZANO', '815', 'N', '117858', 'Cali', 'N', '', '', '', '', '', '', '', '', '', ''),
(149, '76311088', 'WILSON HAROLD ', 'BONILLA MELO', '811', 'N', '117863', 'Cali', 'N', '', '', '', '', '', '', '', '', '', ''),
(150, '1022386269', 'CLAUDIA MILENA ', 'GORDILLO RODRIGUEZ', '652', 'N', '117865', 'Cali', 'N', '', '', '', '', '', '', '', '', '', ''),
(151, '14566617', 'CARLOS ALBERTO ', 'SALAZAR VALENCIA', '828', 'N', '117866', 'Cali', 'N', '', '', '', '', '', '', '', '', '', ''),
(152, '59820880', 'EDITH  ', 'PAREDES GALARRAGA', '806', 'N', '117868', 'Cali', 'N', '', '', '', '', '', '', '', '', '', ''),
(153, '6465495', 'JESUS FERNANDO ', 'GOMEZ JARAMILLO', '790', 'N', '117871', 'Cali', 'N', '', '', '', '', '', '', '', '', '', ''),
(154, '34599928', 'MARIA SANTOS ', 'LARRAHONDO LARRAHONDO', '682', 'N', '117872', 'Cali', 'N', '', '', '', '', '', '', '', '', '', ''),
(155, '64541600', 'EDDY EDITH ', 'ESCOBAR CARDOZO', '239', 'N', '117876', 'Cali', 'N', '', '', '', '', '', '', '', '', '', ''),
(156, '1114817561', 'JUAN JOSE ', 'DAZA QUINTERO', '473', 'N', '117877', 'Cali', 'N', '', '', '', '', '', '', '', '', '', ''),
(157, '6575572', 'LA ESPRIELLA LUIS', 'MENDOZA DE', '516', 'N', '117890', 'Cali', 'N', '', '', '', '', '', '', '', '', '', ''),
(158, '14895428', 'WILLIAM ALBERTO ', 'MURILLO RAMIREZ', '656E', 'N', '117891', 'Cali', 'N', '', '', '', '', '', '', '', '', '', ''),
(159, '6499463', 'FERNANDO ALBERTO ', 'TAMAYO VALENCIA', '863', 'N', '117893', 'Cali', 'N', '', '', '', '', '', '', '', '', '', ''),
(160, '6358293', 'JUAN CARLOS ', 'MONA PULGARIN', '874', 'N', '117895', 'Cali', 'N', '', '', '', '', '', '', '', '', '', ''),
(161, '1018404615', 'SANDRA MILENA ', 'POCHES VARGAS', '828', 'N', '117897', 'Cali', 'N', '', '', '', '', '', '', '', '', '', ''),
(162, '66865215', 'GLORIA FERNANDA ', 'GARCIA VELEZ', '819', 'N', '117898', 'Cali', 'N', '', '', '', '', '', '', '', '', '', ''),
(163, '29612459', 'LUZ MARINA ', 'GOMEZ FONSECA', '590', 'N', '117911', 'Cali', 'N', '', '', '', '', '', '', '', '', '', ''),
(164, '29612459', 'LUZ MARINA ', 'GOMEZ FONSECA', '590', 'N', '117911', 'Cali', 'N', '', '', '', '', '', '', '', '', '', ''),
(165, '29344451', 'ALEYDI  ', 'TOBAR CAMAYO', '837', 'N', '117919', 'Cali', 'N', '', '', '', '', '', '', '', '', '', ''),
(166, '98363666', 'MILTON MARINO ', 'SARASTY CORAL', '752', 'N', '117920', 'Cali', 'N', '', '', '', '', '', '', '', '', '', ''),
(167, '1143931849', 'JORGE REMIGIO ', 'ANDRADE IMBAJOA', '803', 'N', '117921', 'Cali', 'N', '', '', '', '', '', '', '', '', '', ''),
(168, '1038121660', 'ANGELA MARIA ', 'SILGADO MENDOZA', '332', 'N', '117930', 'Cali', 'N', '', '', '', '', '', '', '', '', '', ''),
(169, '66660555', 'LILIANA  ', 'JORDAN GIL', '511', 'N', '117932', 'Cali', 'N', '', '', '', '', '', '', '', '', '', ''),
(170, '94300690', 'JORGE ELIUT ', 'CHARA OLAYA', '860', 'N', '117934', 'Cali', 'N', '', '', '', '', '', '', '', '', '', ''),
(171, '66654488', 'ROSIO  ', 'MARTINEZ GIRON', '839', 'N', '117937', 'Cali', 'N', '', '', '', '', '', '', '', '', '', ''),
(172, '33223682', 'LIZETTE  ', 'POLANCO ALVARADO', '489', 'N', '117941', 'Cali', 'N', '', '', '', '', '', '', '', '', '', ''),
(173, '66888315', 'OLGA BEATRIZ ', 'BAENA ARIAS', '838', 'N', '117944', 'Cali', 'N', '', '', '', '', '', '', '', '', '', ''),
(174, '1111338340', 'YEISSON STIVEN ', 'LOPEZ MONROY', '403', 'N', '117946', 'Cali', 'N', '', '', '', '', '', '', '', '', '', ''),
(175, '1115186366', 'JORGE ELIECER ', 'CAMACHO CARTAGENA', '376', 'N', '117951', 'Cali', 'N', '', '', '', '', '', '', '', '', '', ''),
(176, '37124779', 'LEYDY JIMENA ', 'BOLAÑOS MONTENEGRO', '799', 'N', '117953', 'Cali', 'N', '', '', '', '', '', '', '', '', '', ''),
(177, '45755307', 'MATILDE EMILIA ISABEL', 'DIAZ ALCAZAR', '416', 'N', 'N/A', 'Cali', 'N', '', '', '', '', '', '', '', '', '', ''),
(178, '33136055', 'LIGIA ISABEL ', 'HERRERA MESTRE', '835', 'N', '118121', 'Cali', 'N', '', '', '', '', '', '', '', '', '', ''),
(179, '1106896402', 'CATHERINE  ', 'RUIZ MOLINA', '716', 'N', '118109', 'Cali', 'N', '', '', '', '', '', '', '', '', '', ''),
(180, '1106901328', 'ISABELLA  ', 'CHAPARRO TOVAR', '787', 'N', '118110', 'Cali', 'N', '', '', '', '', '', '', '', '', '', ''),
(181, '1014273577', 'LUISA FERNANDA ', 'ORDOÑEZ SINNING', '687', 'N', '118149', 'Cali', 'N', '', '', '', '', '', '', '', '', '', ''),
(182, '52472219', 'SANDRA PATRICIA ', 'ROMERO GARCIA', '758', 'N', '118146', 'Cali', 'N', '', '', '', '', '', '', '', '', '', ''),
(183, '1024476770', 'FABIAN ANDRES ', 'BALLESTEROS ESCORCIA', '729', 'N', '118066', 'Cali', 'N', '', '', '', '', '', '', '', '', '', ''),
(184, '46376931', 'NELLY ASTRID ', 'PEREZ CARREÑO', '798', 'N', '118103', 'Cali', 'N', '', '', '', '', '', '', '', '', '', ''),
(185, '162664562', 'JOSE VICENTE ', 'CALERO COBO', '890', 'N', 'N/A', 'Cali', 'N', '', '', '', '', '', '', '', '', '', ''),
(186, '33379051', 'GLORIA EDITH ', 'ORTIZ PINZON', '854', 'N', '118105', 'Cali', 'N', '', '', '', '', '', '', '', '', '', ''),
(187, '1065631984', 'GILBERTO MANUEL ', 'PLATA HERNANDEZ', '265', 'N', 'N/A', 'Cali', 'N', '', '', '', '', '', '', '', '', '', ''),
(188, '25286449', 'YUDY ANDREA ', 'IBARRA SANCHEZ', '855', 'N', '118112', 'Cali', 'N', '', '', '', '', '', '', '', '', '', ''),
(189, '1062276181', 'LUIS ENRIQUE ', 'RIVERA MOLANO', '233', 'N', 'N/A', 'Cali', 'N', '', '', '', '', '', '', '', '', '', ''),
(190, '1113661514', 'DAHIANA MERCEDES ', 'TASCON MONTIEL', '826', 'N', 'N/A', 'Cali', 'N', '', '', '', '', '', '', '', '', '', ''),
(191, '1053328002', 'DIANA CAROLINA ', 'SANCHEZ PINEDA', '695', 'N', 'N/A', 'Cali', 'N', '', '', '', '', '', '', '', '', '', ''),
(192, '46455667', 'JEIMY FABIOLA ', 'GOMEZ TORRES', '800', 'N', '118166', 'Cali', 'N', '', '', '', '', '', '', '', '', '', ''),
(193, '1057592208', 'ARNOLD FENEY ', 'BARRERA BARRERA', '843', 'N', 'N/A', 'Cali', 'N', '', '', '', '', '', '', '', '', '', ''),
(194, '46667874', 'NIDIA  ', 'MOLANO VILLATE', '844', 'N', 'N/A', 'Cali', 'N', '', '', '', '', '', '', '', '', '', ''),
(195, '1049649468', 'WENDY LILIANA ', 'CORTES AVILA', '442', 'N', 'N/A', 'Cali', 'N', '', '', '', '', '', '', '', '', '', ''),
(196, '4252327', 'CARLOS HUMBERTO ', 'TORRES CORDERO', '884', 'N', 'N/A', 'Cali', 'N', '', '', '', '', '', '', '', '', '', ''),
(197, '33366514', 'LIBY ANGELICA ', 'FONSECA SALAMANCA', '812', 'N', '118168', 'Cali', 'N', '', '', '', '', '', '', '', '', '', ''),
(198, '1049610630', 'PABLO ANTONIO ', 'REYES BARAHONA', '372', 'N', 'N/A', 'Cali', 'N', '', '', '', '', '', '', '', '', '', ''),
(199, '33369159', 'LUZ AIDE ', 'OSUNA CAMARGO', '481', 'N', 'N/A', 'Cali', 'N', '', '', '', '', '', '', '', '', '', ''),
(200, '1049630098', 'ANGELA JOHANA ', 'SANCHEZ GALAN', '206', 'N', 'N/A', 'Cali', 'N', '', '', '', '', '', '', '', '', '', ''),
(201, '1049633651', 'ERIKA JOHANA ', 'LOPEZ VALIENTE', '806', 'N', '118185', 'Cali', 'N', '', '', '', '', '', '', '', '', '', ''),
(202, '1049654513', 'KAREN TATIANA ', 'ORTEGA SALCEDO', '752', 'N', 'N/A', 'Cali', 'N', '', '', '', '', '', '', '', '', '', ''),
(203, '5013666', 'CARLOS ARTURO ', 'MANJARRES MARTINEZ', '896', 'N', '118140', 'Cali', 'N', '', '', '', '', '', '', '', '', '', ''),
(204, '1090178236', 'JESUS ALBERTO ', 'FLOREZ MELGAREJO', '787', 'N', '118193', 'Cali', 'N', '', '', '', '', '', '', '', '', '', ''),
(205, '66944801', 'XIOMARA  ', 'MEDINA SINISTERRA', '457', 'N', '118120', 'Cali', 'N', '', '', '', '', '', '', '', '', '', ''),
(206, '1077458951', 'GEINER  ', 'MOSQUERA PALACIOS', '485', 'N', '118119', 'Cali', 'N', '', '', '', '', '', '', '', '', '', ''),
(207, '33369565', 'MARIA YOHANA ', 'VARGAS CARO', '549', 'N', 'N/A', 'Cali', 'N', '', '', '', '', '', '', '', '', '', ''),
(208, '1115418574', 'JUAN MANUEL ', 'RIVERA RENDON', '569', 'N', 'N/A', 'Cali', 'N', '', '', '', '', '', '', '', '', '', ''),
(209, '1116442521', 'MAYRA ALEJANDRA ', 'ROMERO TORRES', '774', 'N', '118128', 'Cali', 'N', '', '', '', '', '', '', '', '', '', ''),
(210, '1113788012', 'PAULO JOSEÑ ', 'GARCIA RODRIGUEZ', '797', 'N', 'N/A', 'Cali', 'N', '', '', '', '', '', '', '', '', '', ''),
(211, '31987188', 'MARIA EUGENIA ', 'IBARGUEN CORDOBA', '851', 'N', 'N/A', 'Cali', 'N', '', '', '', '', '', '', '', '', '', ''),
(212, '1193246874', 'LESHLY VALERIA ', 'POLANCO MOTATO', '552', 'N', 'N/A', 'Cali', 'N', '', '', '', '', '', '', '', '', '', ''),
(213, '29974767', 'ELIANA MAYDE ', 'GUAMPE CHUARY', '794', 'N', 'N/A', 'Cali', 'N', '', '', '', '', '', '', '', '', '', ''),
(214, '1143851740', 'DONAL STEVEN ', 'BARONA TRUJILLO', '794', 'N', 'N/A', 'Cali', 'N', '', '', '', '', '', '', '', '', '', ''),
(215, '1119892708', 'ANGELICA MARIA ', 'GAMEZ PEREZ', '728', 'N', '118118', 'Cali', 'N', '', '', '', '', '', '', '', '', '', ''),
(216, '5968827', 'MARCO FIDELÑ ', 'CABEZAS BOBADILLA', '630', 'N', 'N/A', 'Cali', 'N', '', '', '', '', '', '', '', '', '', ''),
(217, '66721073', 'GLADYS  ', 'PALACIO ALVAREZ', '787', 'N', '118127', 'Cali', 'N', '', '', '', '', '', '', '', '', '', ''),
(218, '16672725', 'FERNANDO WALTER ', 'MARTINEZ MORENO', '874', 'N', '118116', 'Cali', 'N', '', '', '', '', '', '', '', '', '', ''),
(219, '29330211', 'BLANCA ADIELA ', 'TORRES SIERRA', '901', 'N', '118160', 'Cali', 'N', '', '', '', '', '', '', '', '', '', ''),
(220, '18599569', 'JUAN DE LA', 'BENJUMEA VANEGAS', '416', 'N', 'N/A', 'Cali', 'N', '', '', '', '', '', '', '', '', '', ''),
(221, '31495372', 'MARIA ISABEL ', 'SALDARRIAGA PALACIO', '510C', 'N', 'N/A', 'Cali', 'N', '', '', '', '', '', '', '', '', '', ''),
(222, '55171849', 'SANDRA LILIANA ', 'ROJAS TELLEZ', '619', 'N', '118142', 'Cali', 'N', '', '', '', '', '', '', '', '', '', ''),
(223, '16244914', 'OLMEDO  ', 'HOYOS BOTERO', '673', 'N', '118123', 'Cali', 'N', '', '', '', '', '', '', '', '', '', ''),
(224, '41898593', 'LILIANA  ', 'CASTAÑO VALENCIA', '793', 'N', '118126', 'Cali', 'N', '', '', '', '', '', '', '', '', '', ''),
(225, '20994053', 'LUZ ANGELA ', 'CARDENAS CASTAÑEDA', '680', 'N', '118132', 'Cali', 'N', '', '', '', '', '', '', '', '', '', ''),
(226, '1233891348', 'LINA ANDREA ', 'BARON PEÑA', '777', 'N', '117837', 'Cali', 'N', '', '', '', '', '', '', '', '', '', ''),
(227, '29992256', 'RUBIELA  ', 'GAITAN MORENO', '702', 'N', '118124', 'Cali', 'N', '', '', '', '', '', '', '', '', '', ''),
(228, '16769144', 'JULIO CESAR ', 'GONZALEZ FRANCO', '738', 'N', '118187', 'Cali', 'N', '', '', '', '', '', '', '', '', '', ''),
(229, '4517182', 'DIEGO  ', 'PALMA CUERO', '798', 'N', '118153', 'Cali', 'N', '', '', '', '', '', '', '', '', '', ''),
(230, '49765022', 'BLANCA  ', 'MENDOZA MENDOZA', '447', 'N', '118163', 'Cali', 'N', '', '', '', '', '', '', '', '', '', ''),
(231, '49687185', 'SANDRA MARGARITA ', 'LOPEZ AVILA', '854', 'N', '118107', 'Cali', 'N', '', '', '', '', '', '', '', '', '', ''),
(232, '1049632777', 'LAURA JOHANNA ', 'MEDINA SEPULVEDA', '741', 'N', '118136', 'Cali', 'N', '', '', '', '', '', '', '', '', '', ''),
(233, '1118557935', 'JAIDID ESPERANZA ', 'ABRIL BENAVIDES', '833', 'N', '118135', 'Cali', 'N', '', '', '', '', '', '', '', '', '', ''),
(234, '38859261', 'GLADYSÑ  ', 'CASTILLO MORENO', '849', 'N', 'N/A', 'Cali', 'N', '', '', '', '', '', '', '', '', '', ''),
(235, '14879916', 'HECTOR FABIO ', 'MORALES GOYES', '374', 'N', 'N/A', 'Cali', 'N', '', '', '', '', '', '', '', '', '', ''),
(236, '94287886', 'ANDRES  ', 'BELTRAN HOYOSÑDEIVY', '712', 'N', 'N/A', 'Cali', 'N', '', '', '', '', '', '', '', '', '', ''),
(237, '55306050', 'YENIS PAOLA ', 'MORENO BERMUDEZ', '761', 'N', '118133', 'Cali', 'N', '', '', '', '', '', '', '', '', '', ''),
(238, '10175405', 'CARLOS ALBERTO ', 'ZÁRATE GIRALDO', '496', 'N', 'N/A', 'Cali', 'N', '', '', '', '', '', '', '', '', '', ''),
(239, '70510021', 'JORGE ALBERTO ', 'MONTOYA ARBOLEDA', '495', 'N', 'N/A', 'Cali', 'N', '', '', '', '', '', '', '', '', '', ''),
(240, '15370054', 'JUAN CARLOS ', 'CATAÑO MARIN', '863', 'N', '118156', 'Cali', 'N', '', '', '', '', '', '', '', '', '', ''),
(241, '70086778', 'CARLOS MARIO ', 'VANEGAS LOPEZ', '873', 'N', '118157', 'Cali', 'N', '', '', '', '', '', '', '', '', '', ''),
(242, '45431409', 'LUZ EDILMA ', 'ARIAS CHAVERRA', '650', 'N', '118158', 'Cali', 'N', '', '', '', '', '', '', '', '', '', ''),
(243, '46382797', 'MARTHA YANETH ', 'PINTO VEGA', '893', 'N', '118155', 'Cali', 'N', '', '', '', '', '', '', '', '', '', ''),
(244, '30405640', 'CATALINA MARIA ', 'ARANGO GIRALDO', '812', 'N', '118137', 'Cali', 'N', '', '', '', '', '', '', '', '', '', ''),
(245, '1007530279', 'STEVAN DAVID ', 'GONZALEZ GUEVARA', '729', 'N', '118139', 'Cali', 'N', '', '', '', '', '', '', '', '', '', ''),
(246, '29328719', 'MARTHA CONSUELO ', 'GIRALDO SALAZAR', '797', 'N', '118150', 'Cali', 'N', '', '', '', '', '', '', '', '', '', ''),
(247, '1115190952', 'PAULA CAMILA ', 'ALZATE VELASQUEZ', '1', 'N', 'N/A', 'Cali', 'N', '', '', '', '', '', '', '', '', '', ''),
(248, '66964628', 'LUZ VIVIANA ', 'BEDOYA MORA', '504', 'N', 'N/A', 'Cali', 'N', '', '', '', '', '', '', '', '', '', ''),
(249, '1072426942', 'NICOLAS  ', 'ACEBEDO ABRIL', '261', 'N', 'N/A', 'Cali', 'N', '', '', '', '', '', '', '', '', '', ''),
(250, '31477841', 'MARIELA  ', 'DIAZ ARANGO', '472', 'N', 'N/A', 'Cali', 'N', '', '', '', '', '', '', '', '', '', ''),
(251, '14468014', 'FERNANDO  ', 'VARGAS DIEGO', '696', 'N', '118003', 'Cali', 'N', '', '', '', '', '', '', '', '', '', ''),
(252, '20522732', 'HILDA AMALIA ', 'TARAZONA ANGEL', '892', 'N', '118152', 'Cali', 'N', '', '', '', '', '', '', '', '', '', ''),
(253, '40943005', 'LINA MARGARITA ', 'RODRIGUEZ CAMARGO', '838', 'N', '118143', 'Cali', 'N', '', '', '', '', '', '', '', '', '', ''),
(254, '88250065', 'JESUS EDISSON ', 'MURCIA RODRIGUEZ', '798', 'N', '118170', 'Cali', 'N', '', '', '', '', '', '', '', '', '', ''),
(255, '88250066', 'JOSE DAVID ', 'MURCIA RODRIGUEZ', '799', 'N', '118169', 'Cali', 'N', '', '', '', '', '', '', '', '', '', ''),
(256, '16769144', 'JULIO CESAR ', 'GONZALEZ FRANCO', '738', 'N', '118187', 'Cali', 'N', '', '', '', '', '', '', '', '', '', ''),
(257, '76321577', 'EMILIO  ', 'PETECHE NELSON', '897', 'N', '118183', 'Cali', 'N', '', '', '', '', '', '', '', '', '', ''),
(258, '16450404', 'HAROLD  ', 'ESCOBAR RODRIGUEZ', '882', 'N', '118181', 'Cali', 'N', '', '', '', '', '', '', '', '', '', ''),
(259, '41730735', 'ILSE ANTONIA ', 'GARCIA PEREA', '875', 'N', '118176', 'Cali', 'N', '', '', '', '', '', '', '', '', '', ''),
(260, '66865158', 'ELIANA PATRICIA ', 'AGUDELO OSORIO', '884', 'N', '118225', 'Cali', 'N', '', '', '', '', '', '', '', '', '', ''),
(261, '14957406', 'ADRIANO DE JESUS', 'MORENO ORTIZ', '876', 'N', '118189', 'Cali', 'N', '', '', '', '', '', '', '', '', '', ''),
(262, '2570757', 'FABIO HUMBERTO ', 'CAMPO CRUZ', '824', 'N', '118237', 'Cali', 'N', '', '', '', '', '', '', '', '', '', ''),
(263, '31524855', 'CRISTINA  ', 'QUINTERO LASSO', '787', 'N', '118219', 'Cali', 'N', '', '', '', '', '', '', '', '', '', ''),
(264, '31944982', 'LILIANA  ', 'GOMEZ DIAZ', '872', 'N', '118184', 'Cali', 'N', '', '', '', '', '', '', '', '', '', ''),
(265, '30733237', 'LILIANA DEL SOCORRO', 'CAMELO GUEVARA', '867', 'N', '118159', 'Cali', 'N', '', '', '', '', '', '', '', '', '', ''),
(266, '25191919', 'ROSMERY DEL SOCORRO', 'BETANCUR ARIAS', '430', 'N', 'N/A', 'Cali', 'N', '', '', '', '', '', '', '', '', '', ''),
(267, '31389755', 'MARTA ENEYS ', 'RIASCOS RIASCOS', '780', 'N', '118154', 'Cali', 'N', '', '', '', '', '', '', '', '', '', ''),
(268, '26296515', 'OLGA LUCIA ', 'VALOIS RAMIREZ', '696', 'N', '118161', 'Cali', 'N', '', '', '', '', '', '', '', '', '', ''),
(269, '66732725', 'RAQUEL  ', 'MACHADO RENTERIA', '470', 'N', 'N/A', 'Cali', 'N', '', '', '', '', '', '', '', '', '', ''),
(270, '16369528', 'JHON JAIRO ', 'RIVERA MARIN', '413', 'N', 'N/A', 'Cali', 'N', '', '', '', '', '', '', '', '', '', ''),
(271, '29186692', 'VIVIANA  ', 'MORALES JIMENEZ', '887', 'N', 'N/A', 'Cali', 'N', '', '', '', '', '', '', '', '', '', ''),
(272, '31835446', 'NUCIELA  ', 'MINA MORENO', '815', 'N', '118227', 'Cali', 'N', '', '', '', '', '', '', '', '', '', ''),
(273, '1110284704', 'ESTEFANY KATERINE ', 'PIMIENTA LOPEZ', 'S/E', 'N', '118228', 'Cali', 'N', '', '', '', '', '', '', '', '', '', ''),
(274, '16672864', 'ROMULO  ', 'RAMIREZ ANDRADE', '485', 'N', 'N/A', 'Cali', 'N', '', '', '', '', '', '', '', '', '', ''),
(275, '1144124527', 'JOSE ANGEL ', 'CAICEDO MORENO', '679', 'N', 'N/A', 'Cali', 'N', '', '', '', '', '', '', '', '', '', ''),
(276, '1129518967', 'JONNY BECKER ', 'ROJAS ARO', '740', 'N', '118162', 'Cali', 'N', '', '', '', '', '', '', '', '', '', ''),
(277, '51728187', 'MARIA DE LA', 'AROS SEPULVEDA', '872', 'N', '118178', 'Cali', 'N', '', '', '', '', '', '', '', '', '', ''),
(278, '16837312', 'WILMER ANDRES ', 'CAMILO RODRIGUEZ', '824P', 'N', 'N/A', 'Cali', 'N', '', '', '', '', '', '', '', '', '', ''),
(279, '31528762', 'MARIA EDILEDEN ', 'SANDOVAL SANDOVAL', '821', 'N', 'N/A', 'Cali', 'N', '', '', '', '', '', '', '', '', '', ''),
(280, '1094915632', 'ERIKA  ', 'GRISALES GUTIERREZ', '705', 'N', '118202', 'Cali', 'N', '', '', '', '', '', '', '', '', '', ''),
(281, '80069188', 'NESTOR DAVID ', 'AGUDELO VELASQUEZ', '800', 'N', 'N/A', 'Cali', 'N', '', '', '', '', '', '', '', '', '', ''),
(282, '82390150', 'GUSTAVO HERNANDO ', 'MADARIAGA HORTA', '875', 'N', 'N/A', 'Cali', 'N', '', '', '', '', '', '', '', '', '', ''),
(283, '51877008', 'MARTHA PATRICIA ', 'ELLES OLIVEROS', '828', 'N', '118179', 'Cali', 'N', '', '', '', '', '', '', '', '', '', ''),
(284, '80361304', 'OSCAR EDUARDO ', 'CHARRY DUQUE', '754', 'N', 'N/A', 'Cali', 'N', '', '', '', '', '', '', '', '', '', ''),
(285, '39140519', 'DIANA MILENA ', 'VILLADIEGO CALA', '767', 'N', '118172', 'Cali', 'N', '', '', '', '', '', '', '', '', '', ''),
(286, '33104392', 'ADRIANA PATRICIA ', 'HERNANDEZ ALEAN', '834', 'N', 'N/A', 'Cali', 'N', '', '', '', '', '', '', '', '', '', ''),
(287, '45437947', 'MERCEDES SUSANA ', 'ROMERO PRADA', '796', 'N', 'N/A', 'Cali', 'N', '', '', '', '', '', '', '', '', '', ''),
(288, '33336700', 'VIVIANA DEL CARMEN', 'MALO LECOMPTE', '673', 'N', 'N/A', 'Cali', 'N', '', '', '', '', '', '', '', '', '', ''),
(289, '1073169567', 'JULIETH KATHERINE ', 'MERCHAN SOLER', '760', 'N', '118177', 'Cali', 'N', '', '', '', '', '', '', '', '', '', ''),
(290, '46671039', 'JARMIN ESTHER ', 'VALDERRAMA GUTIERREZ', '894', 'N', 'N/A', 'Cali', 'N', '', '', '', '', '', '', '', '', '', ''),
(291, '82360868', 'LESLIES JINETH ', 'GARCIA PEREA', '454', 'N', 'N/A', 'Cali', 'N', '', '', '', '', '', '', '', '', '', ''),
(292, '51787202', 'LIBIA AMPARO ', 'PEREZ CORREDOR', '847', 'N', '118218', 'Cali', 'N', '', '', '', '', '', '', '', '', '', ''),
(293, '1049619201', 'SERGIO ANDRES ', 'ACOSTA LIZARAZO', '806', 'N', '118199', 'Cali', 'N', '', '', '', '', '', '', '', '', '', ''),
(294, '6772177', 'GIOVANNI ADOLFO ', 'SANCHEZ PRIETO', '873', 'N', '118222', 'Cali', 'N', '', '', '', '', '', '', '', '', '', ''),
(295, '35467737', 'MARTHA GENOVEVA ', 'OJEDA PRIETO', '869', 'N', '118223', 'Cali', 'N', '', '', '', '', '', '', '', '', '', ''),
(296, '1102809214', 'LISSETTE KARINA ', 'TAPIAS CONTRERAS', '370', 'N', 'N/A', 'Cali', 'N', '', '', '', '', '', '', '', '', '', ''),
(297, '1123084896', 'YEISON JAVIER ', 'RODRIGUEZ HERNANDEZ', '725', 'N', '118191', 'Cali', 'N', '', '', '', '', '', '', '', '', '', ''),
(298, '23927386', 'NANCY  ', 'CORDOBA CHINCHILLA', '859', 'N', 'N/A', 'Cali', 'N', '', '', '', '', '', '', '', '', '', ''),
(299, '38860514', 'MARIA DEL SOCORRO', 'SOTO CIFUENTES', '459', 'N', 'N/A', 'Cali', 'N', '', '', '', '', '', '', '', '', '', ''),
(300, '6445928', 'CARLOS AUGUSTO ', 'TASCON RENDON', '794', 'N', 'N/A', 'Cali', 'N', '', '', '', '', '', '', '', '', '', ''),
(301, '38869269', 'BLANCA RUBY ', 'CHALARCA VARGAS', '840', 'N', '118175', 'Cali', 'N', '', '', '', '', '', '', '', '', '', ''),
(302, '31577487', 'ANA MILENA ', 'DELGADO TORRES', '790', 'N', '118198', 'Cali', 'N', '', '', '', '', '', '', '', '', '', ''),
(303, '17421963', 'FABIAN ANDRES ', 'OCHOA GONGORA', '449', 'N', 'N/A', 'Cali', 'N', '', '', '', '', '', '', '', '', '', ''),
(304, '49794328', 'MARIA DEL ROSARIO', 'RODRIGUEZ MANJARREZ', '399', 'N', 'N/A', 'Cali', 'N', '', '', '', '', '', '', '', '', '', ''),
(305, '16552687', 'ALEJANDRO  ', 'BARONA RAMIREZ', '851', 'N', 'N/A', 'Cali', 'N', '', '', '', '', '', '', '', '', '', ''),
(306, '14799102', 'LEONEL  ', 'CORTES BUSTAMANTE', '363', 'N', 'N/A', 'Cali', 'N', '', '', '', '', '', '', '', '', '', ''),
(307, '1018460955', 'EDWIN DANILO ', 'SUAREZ LEAL', '766', 'N', '118180', 'Cali', 'N', '', '', '', '', '', '', '', '', '', ''),
(308, '53093471', 'YURI DAHIANA ', 'GARCIA PIÑEROS', '746', 'N', '118182', 'Cali', 'N', '', '', '', '', '', '', '', '', '', ''),
(309, '16552957', 'LUIS FERNANDO ', 'JARAMILLO QUINTERO', '284', 'N', 'N/A', 'Cali', 'N', '', '', '', '', '', '', '', '', '', ''),
(310, '1144150493', 'CAROLINA  ', 'MUÑOZ LONDOÑO', '1', 'N', 'N/A', 'Cali', 'N', '', '', '', '', '', '', '', '', '', ''),
(311, '1113310959', 'ESTEBAN  ', 'GOMEZ OQUENDO', '762', 'N', '118186', 'Cali', 'N', '', '', '', '', '', '', '', '', '', ''),
(312, '25560510', 'LUZ DARY ', 'PARDO VARGAS', '892', 'N', '118206', 'Cali', 'N', '', '', '', '', '', '', '', '', '', ''),
(313, '15726987', 'VALLE FERNAN JOSE', 'GUERRERO DEL', '424', 'N', 'N/A', 'Cali', 'N', '', '', '', '', '', '', '', '', '', ''),
(314, '42102619', 'EUGENIA  ', 'MANSO BEATRIZ', '622', 'N', '118221', 'Cali', 'N', '', '', '', '', '', '', '', '', '', ''),
(315, '38901798', 'FRANCY ELENA ', 'GUTIERREZ GRANDA', '845', 'N', '118190', 'Cali', 'N', '', '', '', '', '', '', '', '', '', ''),
(316, '16256600', 'ALVARO DE JESUS', 'MUÑOZ CORREA', '618', 'N', 'N/A', 'Cali', 'N', '', '', '', '', '', '', '', '', '', ''),
(317, '1130629683', 'YULIANA FERNANDA ', 'BECERRA PELAEZ', '614', 'N', '118229', 'Cali', 'N', '', '', '', '', '', '', '', '', '', ''),
(318, '31251711', 'MARIELA  ', 'BERMUDEZ ORTEGA', '859', 'N', '118231', 'Cali', 'N', '', '', '', '', '', '', '', '', '', ''),
(319, '29392437', 'LUZ STELLA ', 'ECHEVERRI ARREDONDO', '853', 'N', '118208', 'Cali', 'N', '', '', '', '', '', '', '', '', '', ''),
(320, '1020732268', 'DIANA MARCELA ', 'ROJAS RODRIGUEZ', '769', 'N', '118211', 'Cali', 'N', '', '', '', '', '', '', '', '', '', ''),
(321, '16221683', 'JAIME  ', 'SANTANA PEREZ', '795', 'N', '118210', 'Cali', 'N', '', '', '', '', '', '', '', '', '', ''),
(322, '1071165088', 'JOHANNA  ', 'PEDRAZA LEYDI', '798', 'N', 'N/A', 'Cali', 'N', '', '', '', '', '', '', '', '', '', ''),
(323, '16491231', 'MISAEL  ', 'MOSQUERA VIVEROS', '804', 'N', 'N/A', 'Cali', 'N', '', '', '', '', '', '', '', '', '', ''),
(324, '16490759', 'MARIO  ', 'QUINTERO PRETEL', '818', 'N', '118203', 'Cali', 'N', '', '', '', '', '', '', '', '', '', ''),
(325, '93461297', 'DANILO  ', 'ACERO BOHORQUEZ', '853', 'N', '118212', 'Cali', 'N', '', '', '', '', '', '', '', '', '', ''),
(326, '31330383', 'MARIA NATACHA ', 'VALENCIA RIOS', '458', 'N', 'N/A', 'Cali', 'N', '', '', '', '', '', '', '', '', '', ''),
(327, '1112872380', 'ALBA XIMENA ', 'CAICEDO GUACA', '765', 'N', '118213', 'Cali', 'N', '', '', '', '', '', '', '', '', '', ''),
(328, '2569367', 'ANTONIO  ', 'ORTIZ PARRA', '340', 'N', 'N/A', 'Cali', 'N', '', '', '', '', '', '', '', '', '', ''),
(329, '1123310515', 'CARLOS HUMBERTO ', 'ARANGO RENGIFO', '702', 'N', '118235', 'Cali', 'N', '', '', '', '', '', '', '', '', '', ''),
(330, '42101467', 'JUDITH  ', 'VASQUEZ MARTHA', '796', 'N', '118200', 'Cali', 'N', '', '', '', '', '', '', '', '', '', ''),
(331, '37840681', 'MARIA ISABEL ', 'BARRERA SUAREZ', '802', 'N', '118230', 'Cali', 'N', '', '', '', '', '', '', '', '', '', ''),
(332, '60395327', 'NIDYA ZISLEY ', 'LIZCANO ROZO', '753', 'N', 'N/A', 'Cali', 'N', '', '', '', '', '', '', '', '', '', ''),
(333, '38868112', 'AIDA TERESA ', 'BEJARANO ARANA', '841', 'N', 'N/A', 'Cali', 'N', '', '', '', '', '', '', '', '', '', ''),
(334, '20456391', 'ADRIANA', 'HERRERA PERTUZ', '768', 'N', '118216', 'CALI', 'N', '', '', '', '', '', '', '', '', '', ''),
(335, '65703166', 'MARIA FAISUBY ', 'PEREZ CUBILLOS', '809', 'N', '118215', 'Cali', 'N', '', '', '', '', '', '', '', '', '', ''),
(336, '8637937', 'FERNANDO JOSE ', 'AREVALO OROZCO', '671', 'N', '118217', 'Cali', 'N', '', '', '', '', '', '', '', '', '', ''),
(337, '94377923', 'CARLOS ALBERTO ', 'COPETE GOEZ', '714', 'N', '118234', 'Cali', 'N', '', '', '', '', '', '', '', '', '', ''),
(338, '1130670361', 'JUAN FERNANDO ', 'DURAN HINCAPIE', '738', 'N', '118233', 'Cali', 'N', '', '', '', '', '', '', '', '', '', ''),
(339, '1022332897', 'JENNIFER  ', 'AVILA VICTORIA', '845', 'N', 'N/A', 'Cali', 'N', '', '', '', '', '', '', '', '', '', ''),
(340, '15877013', 'ANDRES MAURICIO ', 'BENJUMEA CACHIQUE', '615', 'N', '118226', 'Cali', 'N', '', '', '', '', '', '', '', '', '', ''),
(341, '1078367983', 'JOSE FERNANDO ', 'RIVERA BOCANEGRA', '609', 'N', 'N/A', 'Cali', 'N', '', '', '', '', '', '', '', '', '', ''),
(342, '1049606150', 'JULIETH JIMENA ', 'ARIAS PARRA', '862', 'N', 'N/A', 'Cali', 'N', '', '', '', '', '', '', '', '', '', ''),
(343, '46376159', 'MARIA CAROLINA ', 'SUAREZ LEON', '876', 'N', '118239', 'Cali', 'N', '', '', '', '', '', '', '', '', '', ''),
(344, '7317652', 'EIBER FERNANDO ', 'HERNANDEZ DUEÑAS', '740', 'N', 'N/A', 'Cali', 'N', '', '', '', '', '', '', '', '', '', ''),
(345, '1094882264', 'DIANA LORENA ', 'ESCOBAR CEBALLOS', '729', 'N', 'N/A', 'Cali', 'N', '', '', '', '', '', '', '', '', '', ''),
(346, '1094932536', 'LAURA CRISTINA ', 'OSORIO CORTES', '844', 'N', 'N/A', 'Cali', 'N', '', '', '', '', '', '', '', '', '', ''),
(347, '24604791', 'SONIA PATRICIA ', 'SUAREZ MURIEL', '436', 'N', 'N/A', 'Cali', 'N', '', '', '', '', '', '', '', '', '', ''),
(348, '29873431', 'MARIBEL  ', 'LEON GRILLO', '394', 'N', 'N/A', 'Cali', 'N', '', '', '', '', '', '', '', '', '', ''),
(349, '42139695', 'ANGELA MARIA ', 'RUIZ CARDONA', '641', 'N', 'N/A', 'Cali', 'N', '', '', '', '', '', '', '', '', '', ''),
(350, '79713491', 'RAMIRO ELIAS ', 'CONDE CALDERON', '827', 'N', 'N/A', 'Cali', 'N', '', '', '', '', '', '', '', '', '', ''),
(351, '21783227', 'MARTHA LUCIA ', 'SANCHEZ VALENCIA', '819', 'N', 'N/A', 'Cali', 'N', '', '', '', '', '', '', '', '', '', ''),
(352, '38604773', 'CAROLINA  ', 'MARMOLEJO NARANJO', '775', 'N', '118232', 'Cali', 'N', '', '', '', '', '', '', '', '', '', ''),
(353, '16350216', 'WILSON  ', 'BERNAL CASTELLANO', '873', 'N', '118238', 'Cali', 'N', '', '', '', '', '', '', '', '', '', ''),
(354, '1052399848', 'KATIA LEANDRA ', 'ALCANTAR SANDOVAL', '780', 'N', 'N/A', 'Cali', 'N', '', '', '', '', '', '', '', '', '', ''),
(355, '52382756', 'MARIBEL  ', 'GUTIERREZ ROMERO', '859', 'N', 'N/A', 'Cali', 'N', '', '', '', '', '', '', '', '', '', ''),
(356, '94316446', 'RUBEN DARIO ', 'GOMEZ BONILLA', '808', 'N', 'N/A', 'Cali', 'N', '', '', '', '', '', '', '', '', '', ''),
(357, '16732023', 'FRANCISCO JAVIER ', 'JIMENEZ REINA', '347', 'N', 'N/A', 'Cali', 'N', '', '', '', '', '', '', '', '', '', ''),
(358, '7169440', 'JUAN CARLOS ', 'CASTELLANOS MAYORGA', '482', 'N', 'N/A', 'Cali', 'N', '', '', '', '', '', '', '', '', '', ''),
(359, '37721177', 'LILIANA JIMENA ', 'GALVIS FORERO', '520', 'N', 'N/A', 'Cali', 'N', '', '', '', '', '', '', '', '', '', ''),
(360, '63542995', 'ANDREA  ', 'ALVAREZ DELGADO', '867', 'N', 'N/A', 'Cali', 'N', '', '', '', '', '', '', '', '', '', ''),
(361, '6358352', 'CARLOS ALBERTO ', 'GARCIA GOMEZ', '721', 'N', 'N/A', 'Cali', 'N', '', '', '', '', '', '', '', '', '', ''),
(362, '1118289947', 'CINDY NORELLY ', 'MANCILLA TORRES', '563', 'N', 'N/A', 'Cali', 'N', '', '', '', '', '', '', '', '', '', ''),
(363, '1112218650', 'JUAN CARLOS ', 'HURTADO MONTAÑO', '727', 'N', 'N/A', 'Cali', 'N', '', '', '', '', '', '', '', '', '', ''),
(364, '16445790', 'JOSE HERNAN ', 'LOPEZ ISANOA', '844', 'N', 'N/A', 'Cali', 'N', '', '', '', '', '', '', '', '', '', ''),
(365, '42106003', 'ALBA CECILIA ', 'GARZON CENDALES', '843', 'N', 'N/A', 'Cali', 'N', '', '', '', '', '', '', '', '', '', ''),
(367, '25158573', 'LUZ AMPARO ', 'ZAMBRANO LOPEZ', '732', 'N', 'N/A', 'Cali', 'N', '', '', '', '', '', '', '', '', '', ''),
(368, '24414322', 'MARIA GLADYS ', 'PUERTA GONZALEZ', '870', 'N', 'N/A', 'Cali', 'N', '', '', '', '', '', '', '', '', '', ''),
(369, '1102716081', 'DIANA MARCELA ', 'QUINTERO CORTES', '754', 'N', 'N/A', 'Cali', 'N', '', '', '', '', '', '', '', '', '', ''),
(370, '63448239', 'MARIA ISABEL ', 'ROZO GARCIA', '782', 'N', 'N/A', 'Cali', 'N', '', '', '', '', '', '', '', '', '', ''),
(371, '80721017', 'HARVY HEDIGNER ', 'VELA MATEUS', '280', 'N', 'N/A', 'Cali', 'N', '', '', '', '', '', '', '', '', '', ''),
(372, '79533887', 'HERNANDO  ', 'RUIZ SEGURA', '802', 'N', 'N/A', 'Cali', 'N', '', '', '', '', '', '', '', '', '', ''),
(373, '1024460866', 'FABIAN ALEXANDER ', 'RUIZ VANEGAS', '825', 'N', 'N/A', 'Cali', 'N', '', '', '', '', '', '', '', '', '', ''),
(374, '1022371660', 'MARIA ANGELICA ', 'ACUÑA PITA', '785', 'N', 'N/A', 'Cali', 'N', '', '', '', '', '', '', '', '', '', ''),
(375, '42491012', 'FLOR DE MARIA', 'BRITO CERCHAR', '767', 'N', 'N/A', 'Cali', 'N', '', '', '', '', '', '', '', '', '', ''),
(376, '53139045', 'ROSMERY  ', 'PAEZ CORTES', '844', 'N', 'N/A', 'Cali', 'N', '', '', '', '', '', '', '', '', '', ''),
(377, '79768948', 'LISANDRO  ', 'LEON RODRIGUEZ', '813', 'N', 'N/A', 'Cali', 'N', '', '', '', '', '', '', '', '', '', ''),
(378, '52197356', 'MARIA JAZMIN ', 'GOMEZ OLIVAR', '851', 'N', 'N/A', 'Cali', 'N', '', '', '', '', '', '', '', '', '', ''),
(379, '22802589', 'NERY MARLYTH ', 'ZAMBRANO AGUILAR', '373', 'N', 'N/A', 'Cali', 'N', '', '', '', '', '', '', '', '', '', ''),
(380, '34967085', 'ARTEAGA MARIA NELLY', 'NEGRETE DE', '805', 'N', 'N/A', 'Cali', 'N', '', '', '', '', '', '', '', '', '', ''),
(381, '41720667', 'FABIOLA  ', 'ALVAREZ ROJAS', '518', 'N', 'N/A', 'Cali', 'N', '', '', '', '', '', '', '', '', '', ''),
(382, '2971381', 'VICTOR MANUEL ', 'MENDEZ RAMIREZ', '390', 'N', 'N/A', 'Cali', 'N', '', '', '', '', '', '', '', '', '', ''),
(383, '55308911', 'ANA ELENA ', 'RODRIGUEZ POLO', '664', 'N', 'N/A', 'Cali', 'N', '', '', '', '', '', '', '', '', '', ''),
(384, '1045720042', 'NELSON RAFAEL ', 'OSORIO CORREA', '629', 'N', 'N/A', 'Cali', 'N', '', '', '', '', '', '', '', '', '', ''),
(385, '6318770', 'ARQUIMEDES  ', 'VELEZ AGUIRRE', '891', 'N', 'N/A', 'Cali', 'N', '', '', '', '', '', '', '', '', '', ''),
(386, '1097403213', 'JUAN DAVID ', 'BARRETO GARCIA', '539', 'N', 'N/A', 'Cali', 'N', '', '', '', '', '', '', '', '', '', ''),
(387, '1077873788', 'JUAN DIEGO ', 'NARVAEZ MIRANDA', '754', 'N', 'N/A', 'Cali', 'N', '', '', '', '', '', '', '', '', '', ''),
(388, '29434220', 'PATRICIA  ', 'GARCIA CLAUDIA', '379', 'N', 'N/A', 'Cali', 'N', '', '', '', '', '', '', '', '', '', ''),
(389, '94479265', 'JULIAN ANDRES ', 'DUQUE AVILA', '498', 'N', 'N/A', 'Cali', 'N', '', '', '', '', '', '', '', '', '', ''),
(390, '4451618', 'JOSE OSCAR ', 'JARAMILLO JARAMILLO', '212', 'N', 'N/A', 'Cali', 'N', '', '', '', '', '', '', '', '', '', ''),
(391, '1116435158', 'JHON FABER ', 'OCAMPO HERNANDEZ', '789', 'N', 'N/A', 'Cali', 'N', '', '', '', '', '', '', '', '', '', ''),
(392, '14882854', 'WILLIAM  ', 'ECHEVERRY PIEDRAHITA', '861', 'N', 'N/A', 'Cali', 'N', '', '', '', '', '', '', '', '', '', ''),
(393, '1085283699', 'LISETH NATALY ', 'BASTIDAS CHAVEZ', '742', 'N', 'N/A', 'Cali', 'N', '', '', '', '', '', '', '', '', '', ''),
(394, '31963378', 'MARIA SORAYDA ', 'MOSQUERA MOSQUERA', '852', 'N', 'N/A', 'Cali', 'N', '', '', '', '', '', '', '', '', '', ''),
(395, '1130630122', 'CHRISTIAN MAURICIO ', 'RODRIGUEZ ALVAREZ', '850', 'N', 'N/A', 'Cali', 'N', '', '', '', '', '', '', '', '', '', ''),
(396, '31912335', 'GLORIA AMPARO ', 'GRIJALBA VELASQUEZ', '797', 'N', 'N/A', 'Cali', 'N', '', '', '', '', '', '', '', '', '', ''),
(397, '11384117', 'OSCAR  ', 'PIÑEROS GUERRERO', '769', 'N', 'N/A', 'Cali', 'N', '', '', '', '', '', '', '', '', '', ''),
(398, '38665300', 'MONICA  ', 'GAITAN ERAZO', '708', 'N', 'N/A', 'Cali', 'N', '', '', '', '', '', '', '', '', '', ''),
(399, '1144203062', 'KEVYN DAVID ', 'TABARES MEJIA', '842', 'N', 'N/A', 'Cali', 'N', '', '', '', '', '', '', '', '', '', ''),
(400, '1050945199', 'ADRIANA PAOLA ', 'MENDOZA TOUS', '178', 'N', 'N/A', 'Cali', 'N', '', '', '', '', '', '', '', '', '', ''),
(401, '49687234', 'MARINA  ', 'ORTIZ QUINTERO', '267', 'N', 'N/A', 'Cali', 'N', '', '', '', '', '', '', '', '', '', ''),
(402, '74846405', 'YOVANY  ', 'TELLO AMADO', '793', 'N', 'N/A', 'Cali', 'N', '', '', '', '', '', '', '', '', '', ''),
(403, '11811009', 'LAIVER ANTONIO ', 'RENTERIA ROMAÑA', '758', 'N', 'N/A', 'Cali', 'N', '', '', '', '', '', '', '', '', '', ''),
(404, '1115851607', 'YANITZA PAOLA ', 'RODRIGUEZ SOGAMOSO', '767', 'N', 'N/A', 'Cali', 'N', '', '', '', '', '', '', '', '', '', ''),
(405, '1118548156', 'NELLY PATRICIA ', 'RODRIGUEZ PADILLA', '769', 'N', 'N/A', 'Cali', 'N', '', '', '', '', '', '', '', '', '', ''),
(406, '38857985', 'MERCEDITAS  ', 'BARBOSA MANZANARES', '840', 'N', 'N/A', 'Cali', 'N', '', '', '', '', '', '', '', '', '', ''),
(407, '1006307037', 'SEBASTIAN  ', 'GUETIO VELASCO', '726', 'N', 'N/A', 'Cali', 'N', '', '', '', '', '', '', '', '', '', ''),
(408, '29683564', 'LINA FERNANDA ', 'CONTO ALBORNOZ', '879', 'N', 'N/A', 'Cali', 'N', '', '', '', '', '', '', '', '', '', ''),
(409, '29704853', 'NELSY  ', 'SUAREZ DIAZ', '785', 'N', 'N/A', 'Cali', 'N', '', '', '', '', '', '', '', '', '', '');
INSERT INTO `persona` (`ID`, `Cedula`, `Nombre`, `Apellidos`, `Score`, `Reporte`, `CuentaAsociada`, `Agencia`, `Estado`, `Campo1`, `Campo2`, `Campo3`, `Campo4`, `Campo5`, `Campo6`, `Campo7`, `Campo8`, `Campo9`, `Campo10`) VALUES
(410, '6402459', 'MARINO  ', 'GRANADOS VIVEROS', '884', 'N', 'N/A', 'Cali', 'N', '', '', '', '', '', '', '', '', '', ''),
(411, '29476818', 'MARIA NELLY ', 'VIVEROS REYES', '860', 'N', 'N/A', 'Cali', 'N', '', '', '', '', '', '', '', '', '', ''),
(412, '53117629', 'FRANCY YANETH ', 'CUERVO DIAZ', '842', 'N', 'N/A', 'Cali', 'N', '', '', '', '', '', '', '', '', '', ''),
(413, '7554660', 'HUGO HERNAN ', 'PATIÑO FRANCO', '714', 'N', 'N/A', 'Cali', 'N', '', '', '', '', '', '', '', '', '', ''),
(414, '16704846', 'JOSE FERMIN ', 'ARCO VELASQUEZ', '879', 'N', 'N/A', 'Cali', 'N', '', '', '', '', '', '', '', '', '', ''),
(415, '24570900', 'MARIA LIDA ', 'ARBELAEZ GOMEZ', '872', 'N', 'N/A', 'Cali', 'N', '', '', '', '', '', '', '', '', '', ''),
(416, '41903578', 'JULIETA  ', 'SERNA BARBOSA', '871', 'N', 'N/A', 'Cali', 'N', '', '', '', '', '', '', '', '', '', ''),
(417, '41888502', 'AMPARO  ', 'HIDALGO RENDON', '838', 'N', 'N/A', 'Cali', 'N', '', '', '', '', '', '', '', '', '', ''),
(418, '24675377', 'JAQUELINE  ', 'MARTINEZ PARRA', '488', 'N', 'N/A', 'Cali', 'N', '', '', '', '', '', '', '', '', '', ''),
(419, '42158355', 'SANDRA JULIANA ', 'MONTOYA OSORIO', '753', 'N', 'N/A', 'Cali', 'N', '', '', '', '', '', '', '', '', '', ''),
(420, '81745008', 'MARIO CESAR ', 'ROJAS AYALA', '855', 'N', 'N/A', 'Cali', 'N', '', '', '', '', '', '', '', '', '', ''),
(421, '2960811', 'MIGUEL ANGEL ', 'BARBOSA RICO', '874', 'N', 'N/A', 'Cali', 'N', '', '', '', '', '', '', '', '', '', ''),
(422, '43044577', 'MARIA OFELIA ', 'ROJAS PALACIO', '756', 'N', 'N/A', 'Cali', 'N', '', '', '', '', '', '', '', '', '', ''),
(423, '94319186', 'DIEGO FERNANDO ', 'VARGAS RODRIGUEZ', '832', 'N', 'N/A', 'Cali', 'N', '', '', '', '', '', '', '', '', '', ''),
(424, '50916556', 'KELLY CRISTINA ', 'CEBALLOS ORTEGA', '798', 'N', 'N/A', 'Cali', 'N', '', '', '', '', '', '', '', '', '', ''),
(425, '1116260340', 'DARLY YANEIDY ', 'CARDONA TORRES', '738', 'N', 'N/A', 'Cali', 'N', '', '', '', '', '', '', '', '', '', ''),
(426, '29309455', 'STELLA  ', 'ALVAREZ LUZ', '625', 'N', 'N/A', 'Cali', 'N', '', '', '', '', '', '', '', '', '', ''),
(427, '52262966', 'ANA MARIA ', 'TOLOSA OROZCO', '793', 'N', 'N/A', 'Cali', 'N', '', '', '', '', '', '', '', '', '', ''),
(428, '1075223964', 'ANA MARIA ', 'COHETATO MEDINA', '245', 'N', 'N/A', 'Cali', 'N', '', '', '', '', '', '', '', '', '', ''),
(429, '79319850', 'FERNANDO  ', 'GONZALEZ BLANCO', '830', 'N', 'N/A', 'Cali', 'N', '', '', '', '', '', '', '', '', '', ''),
(430, '7221304', 'FERNANDO ARNULFO ', 'CASTIBLANCO MORENO', '823', 'N', 'N/A', 'Cali', 'N', '', '', '', '', '', '', '', '', '', ''),
(431, '38361047', 'LEIDY ANDREA ', 'LOZANO RIOS', '664', 'N', 'N/A', 'Cali', 'N', '', '', '', '', '', '', '', '', '', ''),
(432, '35601362', 'DORA MARIA ', 'CHAVERRA ASPRILLA', '563', 'N', 'N/A', 'Cali', 'N', '', '', '', '', '', '', '', '', '', ''),
(433, '2944719', 'INES ALICIA ', 'MESA GALLEGO', '851', 'N', 'N/A', 'Cali', 'N', '', '', '', '', '', '', '', '', '', ''),
(434, '52832747', 'DIANA MARCELA ', 'RODRIGUEZ SUAREZ', '792', 'N', 'N/A', 'Cali', 'N', '', '', '', '', '', '', '', '', '', ''),
(435, '66676580', 'MARIA DEL ROSARIO', 'ALVAREZ CHAVEZ', '834', 'N', 'N/A', 'Cali', 'N', '', '', '', '', '', '', '', '', '', ''),
(436, '50886694', 'MARIA ANGELICA ', 'SERPA RUBIO', '704', 'N', 'N/A', 'Cali', 'N', '', '', '', '', '', '', '', '', '', ''),
(437, '1114062882', 'LUISA MARIA ', 'MOLINA LOPEDA', '800', 'N', 'N/A', 'Cali', 'N', '', '', '', '', '', '', '', '', '', ''),
(438, '1088296828', 'STEFANNYA  ', 'ZORRILLO AGREDO', '696', 'N', 'N/A', 'Cali', 'N', '', '', '', '', '', '', '', '', '', ''),
(439, '29868397', 'BEJARANO HERMAYRA ', 'GARCIA DE', '886', 'N', 'N/A', 'Cali', 'N', '', '', '', '', '', '', '', '', '', ''),
(440, '16453291', 'JOSE JAIRO ', 'VERGARA RIVERA', '819', 'N', 'N/A', 'Cali', 'N', '', '', '', '', '', '', '', '', '', ''),
(441, '1114733896', 'RAUL FERNANDO ', 'MENDOZA YELA', '762', 'N', 'N/A', 'Cali', 'N', '', '', '', '', '', '', '', '', '', ''),
(442, '14985900', 'JULIO CESAR ', 'GOMEZ MORALES', '802', 'N', 'N/A', 'Cali', 'N', '', '', '', '', '', '', '', '', '', ''),
(443, '31846014', 'PATRICIA MARIA ', 'ARCE SEGURA', '351', 'N', 'N/A', 'Cali', 'N', '', '', '', '', '', '', '', '', '', ''),
(444, '31877960', 'MARIA PATRICIA ', 'FERNANDEZ PRADA', '831', 'N', 'N/A', 'Cali', 'N', '', '', '', '', '', '', '', '', '', ''),
(445, '29180769', 'JINNA PAOLA ', 'CUELLAR CALDERON', '822', 'N', 'N/A', 'Cali', 'N', '', '', '', '', '', '', '', '', '', ''),
(446, '31273721', 'NEIVER  ', 'FAJARDO TORRES', '873', 'N', 'N/A', 'Cali', 'N', '', '', '', '', '', '', '', '', '', ''),
(447, '88220290', 'LIBARDO  ', 'PERDOMO CHONA', '780', 'N', 'N/A', 'Cali', 'N', '', '', '', '', '', '', '', '', '', ''),
(448, '15907528', 'HERNANDO  ', 'VASQUEZ LARGO', '787', 'N', 'N/A', 'Cali', 'N', '', '', '', '', '', '', '', '', '', ''),
(449, '6199408', 'TEODORO HUMBERTO ', 'GONZALEZ MONTAÑO', '817', 'N', 'N/A', 'Cali', 'N', '', '', '', '', '', '', '', '', '', ''),
(450, '16608027', 'CARLOS ARTURO ', 'RUIZ ORTIZ', '854', 'N', 'N/A', 'Cali', 'N', '', '', '', '', '', '', '', '', '', ''),
(451, '28891604', 'MARTHA HELENA ', 'GUARNIZO PORTELA', '818', 'N', 'N/A', 'Cali', 'N', '', '', '', '', '', '', '', '', '', ''),
(452, '1105612949', 'JESUS ANDRES ', 'CALDERON GOMEZ', '793', 'N', 'N/A', 'Cali', 'N', '', '', '', '', '', '', '', '', '', ''),
(453, '52173542', 'MARIA YOLANDA ', 'MENDIVELSO LEAL', '712', 'N', 'N/A', 'Cali', 'N', '', '', '', '', '', '', '', '', '', ''),
(454, '1088295240', 'ANA LORENA ', 'OTALVARO BERRIO', '750', 'N', 'N/A', 'Cali', 'N', '', '', '', '', '', '', '', '', '', ''),
(455, '66759406', 'FLOR STELLA ', 'SALAZAR BALLESTEROS', '774', 'N', 'N/A', 'Cali', 'N', '', '', '', '', '', '', '', '', '', ''),
(456, '1113784427', 'JORGE ADRIANO ', 'SANTIAGO VALENCIA', '835', 'N', 'N/A', 'Cali', 'N', '', '', '', '', '', '', '', '', '', ''),
(457, '38735052', 'ROSALBINA  ', 'GARCIA POSSO', '884', 'N', 'N/A', 'Cali', 'N', '', '', '', '', '', '', '', '', '', ''),
(458, '94489179', 'RODOLFO  ', 'VIDAL ASTAIZA', '308', 'N', 'N/A', 'Cali', 'N', '', '', '', '', '', '', '', '', '', ''),
(459, '86074231', 'DANIEL OCTAVIO ', 'ACOSTA MEJIA', '601', 'N', 'N/A', 'Cali', 'N', '', '', '', '', '', '', '', '', '', ''),
(460, '30232083', 'LESLIE CONNIE ', 'MURILLO MOSQUERA', '794', 'N', 'N/A', 'Cali', 'N', '', '', '', '', '', '', '', '', '', ''),
(461, '93084850', 'OSCAR ARMANDO ', 'BELALCAZAR VASQUEZ', '848', 'N', 'N/A', 'Cali', 'N', '', '', '', '', '', '', '', '', '', ''),
(462, '80206290', 'JOHN ALEXANDER ', 'HERNANDEZ MOLINA', '719', 'N', 'N/A', 'Cali', 'N', '', '', '', '', '', '', '', '', '', ''),
(463, '1118847990', 'ESEQUIEL DE JESUS', 'DELUQUE SILVA', '170', 'N', 'N/A', 'Cali', 'N', '', '', '', '', '', '', '', '', '', ''),
(464, '1059915749', 'JAVIER ANDRES ', 'NARVAEZ QUINAYAS', 'S/E', 'N', 'N/A', 'Cali', 'N', '', '', '', '', '', '', '', '', '', ''),
(465, '24478967', 'DUQUE BLANCA CECILIA', 'CONTRERAS DE', '847', 'N', 'N/A', 'Cali', 'N', '', '', '', '', '', '', '', '', '', ''),
(466, '1123204812', 'PABLO ALBERTO ', 'GIRALDO BECERRA', '737', 'N', 'N/A', 'Cali', 'N', '', '', '', '', '', '', '', '', '', ''),
(467, '31528922', 'MONICA PATRICIA ', 'ROJAS RAMIREZ', '844', 'N', 'N/A', 'Cali', 'N', '', '', '', '', '', '', '', '', '', ''),
(468, '6558253', 'FREDY JAIR ', 'CARDONA BATERO', '885', 'N', 'N/A', 'Cali', 'N', '', '', '', '', '', '', '', '', '', ''),
(469, '52284538', 'LUZ MARY ', 'OLIVARES GIRALDO', '862', 'N', 'N/A', 'Cali', 'N', '', '', '', '', '', '', '', '', '', ''),
(470, '1115189098', 'STIVEN ANDRES ', 'GUTIERREZ BALLESTEROS', '650', 'N', 'N/A', 'Cali', 'N', '', '', '', '', '', '', '', '', '', ''),
(471, '85453046', 'ALVARO JESUS ', 'SOLANO PIMIENTA', '417', 'N', 'N/A', 'Cali', 'N', '', '', '', '', '', '', '', '', '', ''),
(472, '36544101', 'RUBY  ', 'TORNE TORNE', '476', 'N', 'N/A', 'Cali', 'N', '', '', '', '', '', '', '', '', '', ''),
(473, '85453817', 'OSMER DAVID ', 'PINEDO CUELLO', '609', 'N', 'N/A', 'Cali', 'N', '', '', '', '', '', '', '', '', '', ''),
(474, '25364761', 'EDY YUSTINA ', 'BALANTA SALDAÑA', '685', 'N', 'N/A', 'Cali', 'N', '', '', '', '', '', '', '', '', '', ''),
(475, '1102871944', 'JESUS DAVID ', 'AGUAS ARIZA', '354', 'N', 'N/A', 'Cali', 'N', '', '', '', '', '', '', '', '', '', ''),
(476, '26158739', 'LUZ MARINA ', 'BARRERA HOYOS', '627', 'N', 'N/A', 'Cali', 'N', '', '', '', '', '', '', '', '', '', ''),
(477, '13830109', 'ANTONIO  ', 'ARENAS LUIS', '893', 'N', 'N/A', 'Cali', 'N', '', '', '', '', '', '', '', '', '', ''),
(478, '38997956', 'LUCRECIA', 'SINISTERRA', '937', 'N', 'N/A', 'Cali', 'N', '', '', '', '', '', '', '', '', '', ''),
(479, '66812842', 'DORIS  ', 'CARDONA BOLIVAR', '773', 'N', 'N/A', 'Cali', 'N', '', '', '', '', '', '', '', '', '', ''),
(480, '1115080935', 'DANIEL  ', 'GUERRERO BEDOYA', '462', 'N', 'N/A', 'Cali', 'N', '', '', '', '', '', '', '', '', '', ''),
(481, '16744362', 'JIMMY WALTER ', 'CALDERON ROJAS', '307', 'N', 'N/A', 'Cali', 'N', '', '', '', '', '', '', '', '', '', ''),
(482, '1047495107', 'EIDERSON  ', 'RAMIREZ FLOREZ', '733', 'N', 'N/A', 'Cali', 'N', '', '', '', '', '', '', '', '', '', ''),
(483, '16590098', 'JOSE RODRIGO ', 'APONTE CALERO', '862', 'N', 'N/A', 'Cali', 'N', '', '', '', '', '', '', '', '', '', ''),
(484, '31495583', 'STELLA  ', 'MONTOYA', '471', 'N', 'N/A', 'Cali', 'N', '', '', '', '', '', '', '', '', '', ''),
(485, '7319039', 'FREDY LEONARDO ', 'ROCHA LOPEZ', '841', 'N', 'N/A', 'Cali', 'N', '', '', '', '', '', '', '', '', '', ''),
(486, '1012409984', 'HERMANN DAVID ', 'ACERO MESA', '851', 'N', 'N/A', 'Cali', 'N', '', '', '', '', '', '', '', '', '', ''),
(487, '31844718', 'MAGNOLIA  ', 'QUEBRADA PESCADOR', '411', 'N', 'N/A', 'Cali', 'N', '', '', '', '', '', '', '', '', '', ''),
(488, '16643729', 'CESAR TULIO ', 'OBONAGA CALDON', '269', 'N', 'N/A', 'Cali', 'N', '', '', '', '', '', '', '', '', '', ''),
(489, '66738023', 'SUSANA  ', 'MOSQUERA MORENO', '729', 'N', 'N/A', 'Cali', 'N', '', '', '', '', '', '', '', '', '', ''),
(490, '35604301', 'CAROL YARLEYNI TUF', 'MORENO PEREA', '545', 'N', 'N/A', 'Cali', 'N', '', '', '', '', '', '', '', '', '', ''),
(491, '1006692388', 'JUAN PABLO ', 'DELGADO VASQUEZ', '728', 'N', 'N/A', 'Cali', 'N', '', '', '', '', '', '', '', '', '', ''),
(492, '1007386945', 'CRISTIAN EDUARDO ', 'CAYACHOA VIASUS', '557', 'N', 'N/A', 'Cali', 'N', '', '', '', '', '', '', '', '', '', ''),
(493, '31237611', 'GALVIZ MARIA CONSUELO', 'ZULUAGA DE', '881', 'N', 'N/A', 'Cali', 'N', '', '', '', '', '', '', '', '', '', ''),
(494, '41909601', 'LEIDY ROXYY ', 'SANCHEZ TORO', '595', 'N', 'N/A', 'Cali', 'N', '', '', '', '', '', '', '', '', '', ''),
(495, '1144173089', 'BRAYAN FARID ', 'GOMEZ ANTURI', '752', 'N', 'N/A', 'Cali', 'N', '', '', '', '', '', '', '', '', '', ''),
(496, '13072985', 'WILLIAN JAIRO ', 'ORTIZ MORENO', '858', 'N', 'N/A', 'Cali', 'N', '', '', '', '', '', '', '', '', '', ''),
(497, '6455160', 'FERNEY  ', 'GARCIA PEÑA', '861', 'N', 'N/A', 'Cali', 'N', '', '', '', '', '', '', '', '', '', ''),
(498, '7215410', 'JOSE LUCIO ', 'SALAZAR JIMENEZ', '443', 'N', 'N/A', 'Cali', 'N', '', '', '', '', '', '', '', '', '', ''),
(499, '80113556', 'JOSE ALEXANDER ', 'PEÑA SANCHEZ', '341', 'N', 'N/A', 'Cali', 'N', '', '', '', '', '', '', '', '', '', ''),
(500, '1053608267', 'JUAN CARLOS ', 'PEDRAZA ROSAS', '258', 'N', 'N/A', 'Cali', 'N', '', '', '', '', '', '', '', '', '', ''),
(501, '24325638', 'GLORIA INES ', 'MORALES VALENCIA', '916', 'N', 'N/A', 'Cali', 'N', '', '', '', '', '', '', '', '', '', ''),
(502, '1116240315', 'MELISA  ', 'GRUESO PLAZA', '175', 'N', 'N/A', 'Cali', 'N', '', '', '', '', '', '', '', '', '', ''),
(503, '1093762020', 'YESSICA PAOLA ', 'URIBE ROJAS', '668', 'N', 'N/A', 'Cali', 'N', '', '', '', '', '', '', '', '', '', ''),
(504, '60321957', 'ANSELMA  ', 'RAMIREZ PINEDA', '735', 'N', 'N/A', 'Cali', 'N', '', '', '', '', '', '', '', '', '', ''),
(505, '79144891', 'ALBERTO  ', 'GALINDO MORENO', '781', 'N', 'N/A', 'Cali', 'N', '', '', '', '', '', '', '', '', '', ''),
(506, '31471054', 'LUISA  ', 'DAZA MUÑOZ', '817', 'N', 'N/A', 'Cali', 'N', '', '', '', '', '', '', '', '', '', ''),
(507, '52705492', 'LUZ ADRIANA ', 'JARAMILLO CANO', '870', 'N', 'N/A', 'Cali', 'N', '', '', '', '', '', '', '', '', '', ''),
(508, '1108928464', 'YOFAN  ', 'BARRIOS TAFUR', '614', 'N', 'N/A', 'Cali', 'N', '', '', '', '', '', '', '', '', '', ''),
(509, '38895020', 'CLAUDIA XIMENA ', 'OROZCO GARCIA', '830', 'N', 'N/A', 'Cali', 'N', '', '', '', '', '', '', '', '', '', ''),
(510, '30294900', 'MARIA CLEMENCIA ', 'BOTERO JARAMILLO', '872', 'N', 'N/A', 'Cali', 'N', '', '', '', '', '', '', '', '', '', ''),
(511, '38893055', 'MARIA NUBIA ', 'PEREZ SERNA', '771', 'N', 'N/A', 'Cali', 'N', '', '', '', '', '', '', '', '', '', ''),
(512, '94461912', 'GERMAN ARNOLDO ', 'BURBANO ALZATE', '782', 'N', 'N/A', 'Cali', 'N', '', '', '', '', '', '', '', '', '', ''),
(513, '31200314', 'GLORIA BERTHA ', 'CORAL ERAZO', '579', 'N', 'N/A', 'Cali', 'N', '', '', '', '', '', '', '', '', '', ''),
(514, '31187403', 'OMAIRA  ', 'CEBALLOS DAVILA', '686', 'N', 'N/A', 'Cali', 'N', '', '', '', '', '', '', '', '', '', ''),
(515, '43704515', 'LINA SOBEIDA ', 'SANTAMARIA LOPEZ', '727', 'N', 'N/A', 'Cali', 'N', '', '', '', '', '', '', '', '', '', ''),
(516, '55223198', 'KATHERINE  ', 'ROA ROA', '795', 'N', 'N/A', 'Cali', 'N', '', '', '', '', '', '', '', '', '', ''),
(517, '1085279899', 'MARIA DANIELA ', 'GUERRERO CHAVES', '1', 'N', 'N/A', 'Cali', 'N', '', '', '', '', '', '', '', '', '', ''),
(518, '25175275', 'LUZ ANGELA ', 'VILLEGAS SEPULVEDA', '458', 'N', 'N/A', 'Cali', 'N', '', '', '', '', '', '', '', '', '', ''),
(519, '40399700', 'DOLY  ', 'HERNANDEZ ALDANA', '884', 'N', 'N/A', 'Cali', 'N', '', '', '', '', '', '', '', '', '', ''),
(520, '40399755', 'MONICA ALEXANDRA ', 'ROJAS DIAZ', '710', 'N', 'N/A', 'Cali', 'N', '', '', '', '', '', '', '', '', '', ''),
(521, '73508514', 'CARLOS ANTONIO ', 'PEREZ HERRERA', '415', 'N', 'N/A', 'Cali', 'N', '', '', '', '', '', '', '', '', '', ''),
(522, '85483812', 'ROBERT DARIO ', 'DIAZ BARRETO', '508', 'N', 'N/A', 'Cali', 'N', '', '', '', '', '', '', '', '', '', ''),
(523, '4528316', 'RUVIN GERMAN ', 'QUERAGAMA BOROCUARA', '731', 'N', 'N/A', 'Cali', 'N', '', '', '', '', '', '', '', '', '', ''),
(524, '52960209', 'MONICA MARIA ', 'PEÑA OSORIO', '874', 'N', 'N/A', 'Cali', 'N', '', '', '', '', '', '', '', '', '', ''),
(525, '52482741', 'MARIA ANGELICA ', 'ZAMORA BAUTISTA', '882', 'N', 'N/A', 'Cali', 'N', '', '', '', '', '', '', '', '', '', ''),
(526, '14873038', 'MANUEL SANTOS ', 'CARRILLO OCHOA', '904', 'N', 'N/A', 'Cali', 'N', '', '', '', '', '', '', '', '', '', ''),
(527, '24100393', 'YANETH  ', 'MEDINA MANRIQUE', '770', 'N', 'N/A', 'Cali', 'N', '', '', '', '', '', '', '', '', '', ''),
(528, '31378288', 'PEREA INES ', 'VALENCIA DE', '808', 'N', 'N/A', 'Cali', 'N', '', '', '', '', '', '', '', '', '', ''),
(529, '16487485', 'ELBER LEONEL ', 'GARCES CAICEDO', '679', 'N', 'N/A', 'Cali', 'N', '', '', '', '', '', '', '', '', '', ''),
(530, '31655220', 'FLOR JOHANA ', 'ROBLEDO FLOREZ', '623', 'N', 'N/A', 'Cali', 'N', '', '', '', '', '', '', '', '', '', ''),
(531, '115067548', 'JEISSON  ', 'CALDERON VALENCIA', '835', 'N', 'N/A', 'Cali', 'N', '', '', '', '', '', '', '', '', '', ''),
(532, '29547409', 'BEATRIZ  ', 'REINA TRUJILLO', '697', 'N', 'N/A', 'Cali', 'N', '', '', '', '', '', '', '', '', '', ''),
(533, '29399273', 'MARIA DEL ROSARIO', 'PASTRANA MONTOYA', '859', 'N', 'N/A', 'Cali', 'N', '', '', '', '', '', '', '', '', '', ''),
(534, '31994391', 'NANCY  ', 'FIGUEROA CUARTAS', '849', 'N', 'N/A', 'Cali', 'N', '', '', '', '', '', '', '', '', '', ''),
(535, '16379846', 'HUGO ALBERTO ', 'SERRANO JAIMES', '591', 'N', 'N/A', 'Cali', 'N', '', '', '', '', '', '', '', '', '', ''),
(536, '1116249659', 'LAKXMY YURIDIA ', 'SALDAÑA SANCHEZ', '767', 'N', 'N/A', 'Cali', 'N', '', '', '', '', '', '', '', '', '', ''),
(537, '26649989', 'LUZ MARY ', 'IMBACHI CASANOVA', '803', 'N', 'N/A', 'Cali', 'N', '', '', '', '', '', '', '', '', '', ''),
(538, '20485678', 'LUZ MERY ', 'CASIANO LEON', '417', 'N', 'N/A', 'Cali', 'N', '', '', '', '', '', '', '', '', '', ''),
(539, '1144132048', 'FRANCIA INES ', 'GIRALDO BUITRAGO', '799', 'N', 'N/A', 'Cali', 'N', '', '', '', '', '', '', '', '', '', ''),
(540, '14442098', 'LUIS EDUARDO ', 'CHAVARRIAGA GOMEZ', '859', 'N', 'N/A', 'Cali', 'N', '', '', '', '', '', '', '', '', '', ''),
(541, '31992288', 'NANCY  ', 'MEJIA VANEGAS', '691', 'N', 'N/A', 'Cali', 'N', '', '', '', '', '', '', '', '', '', ''),
(542, '16598867', 'LUIS EDGAR ', 'IDARRAGA LONDOÑO', '892', 'N', 'N/A', 'Cali', 'N', '', '', '', '', '', '', '', '', '', ''),
(543, '1144210631', 'AURELIO  ', 'LONGA BERMUDEZ', '328', 'N', 'N/A', 'Cali', 'N', '', '', '', '', '', '', '', '', '', ''),
(544, '16792588', 'JUAN CARLOS ', 'GONZALEZ RIOS', '500', 'N', 'N/A', 'Cali', 'N', '', '', '', '', '', '', '', '', '', ''),
(545, '1052392478', 'LEIDY JOHANA ', 'CHAPARRO HIGUERA', '407', 'N', 'N/A', 'Cali', 'N', '', '', '', '', '', '', '', '', '', ''),
(546, '23925716', 'MARIA DE JESUS', 'PLAZAS CHAPARRO', '850', 'N', 'N/A', 'Cali', 'N', '', '', '', '', '', '', '', '', '', ''),
(547, '51983986', 'CLARA MARGARITA ', 'TOCARRUNCHO GAONA', '840', 'N', 'N/A', 'Cali', 'N', '', '', '', '', '', '', '', '', '', ''),
(548, '23752235', 'HUERTAS RUBBY AMELIA', 'ALVAREZ DE', '735', 'N', 'N/A', 'Cali', 'N', '', '', '', '', '', '', '', '', '', ''),
(549, '24133863', 'NELLY CONSUELO ', 'VILLANUEVA PAEZ', '638', 'N', 'N/A', 'Cali', 'N', '', '', '', '', '', '', '', '', '', ''),
(550, '39809316', 'JANETH  ', 'ORJUELA MARTHA', '881', 'N', 'N/A', 'Cali', 'N', '', '', '', '', '', '', '', '', '', ''),
(551, '80131620', 'EDWIN ANDREA ', 'CUERVO ESCOBAR', '859', 'N', 'N/A', 'Cali', 'N', '', '', '', '', '', '', '', '', '', ''),
(552, '1053585622', 'RODRIGO ANDRES ', 'TOBOS JIMENEZ', '760', 'N', 'N/A', 'Cali', 'N', '', '', '', '', '', '', '', '', '', ''),
(553, '6228829', 'WILMER FREDDY ', 'RODRIGUEZ MARTINEZ', '783', 'N', 'N/A', 'Cali', 'N', '', '', '', '', '', '', '', '', '', ''),
(554, '29702704', 'RUBIELA  ', 'CAMPOS CAMACHO', '670', 'N', 'N/A', 'Cali', 'N', '', '', '', '', '', '', '', '', '', ''),
(555, '80731102', 'ASHLEY ALEXANDER ', 'TORRES HERRERA', '648', 'N', 'N/A', 'Cali', 'N', '', '', '', '', '', '', '', '', '', ''),
(556, '34604315', 'MARIA MIRIAM ', 'HURTADO MONTAÑO', '260', 'N', 'N/A', 'Cali', 'N', '', '', '', '', '', '', '', '', '', ''),
(557, '6383178', 'RUBEN DARIO ', 'ACERO CAMACHO', '817', 'N', 'N/A', 'Cali', 'N', '', '', '', '', '', '', '', '', '', ''),
(558, '77189740', 'ANDERSON ELIAS ', 'PALACIO ARRIETA', '711', 'N', 'N/A', 'Cali', 'N', '', '', '', '', '', '', '', '', '', ''),
(559, '23508643', 'ELSA LILIANA ', 'PALACIOS SUESCUN', '822', 'N', 'N/A', 'Cali', 'N', '', '', '', '', '', '', '', '', '', ''),
(560, '33379045', 'LEYDY MARIA ', 'AVENDAÑO RODRIGUEZ', '397', 'N', 'N/A', 'Cali', 'N', '', '', '', '', '', '', '', '', '', ''),
(561, '1057598839', 'CESAR LEONARDO ', 'TOBO SIACHOQUE', '790', 'N', 'N/A', 'Cali', 'N', '', '', '', '', '', '', '', '', '', ''),
(562, '40039125', 'LUZ ELENA ', 'LOPEZ PULIDO', '808', 'N', 'N/A', 'Cali', 'N', '', '', '', '', '', '', '', '', '', ''),
(563, '1054801986', 'JUAN SEBASTIAN ', 'PAEZ MORENO', '742', 'N', 'N/A', 'Cali', 'N', '', '', '', '', '', '', '', '', '', ''),
(564, '23755860', 'DORA MILCE ', 'PARRALES ARIAS', '866', 'N', 'N/A', 'Cali', 'N', '', '', '', '', '', '', '', '', '', ''),
(565, '1103105106', 'ELIANA MARGARITA ', 'PEREZ RIVERO', '711', 'N', 'N/A', 'Cali', 'N', '', '', '', '', '', '', '', '', '', ''),
(566, '1065592350', 'KALEYDIS  ', 'AREVALO DUARTE', '606', 'N', 'N/A', 'Cali', 'N', '', '', '', '', '', '', '', '', '', ''),
(567, '33367703', 'MARYCEL  ', 'MORA ROJAS', '813', 'N', 'N/A', 'Cali', 'N', '', '', '', '', '', '', '', '', '', ''),
(568, '31140788', 'TERESA DE JESUS', 'CORREA LOPERA', '855', 'N', 'N/A', 'Cali', 'N', '', '', '', '', '', '', '', '', '', ''),
(569, '1088974616', 'JENNIFER NATHALY ', 'MUÑOZ BOLAÑOS', '784', 'N', 'N/A', 'Cali', 'N', '', '', '', '', '', '', '', '', '', ''),
(570, '16681307', 'CARLOS  ', 'CORDOBA JUAN', '695', 'N', 'N/A', 'Cali', 'N', '', '', '', '', '', '', '', '', '', ''),
(571, '32946026', 'ARLEEN KATHERINE ', 'RODRIGUEZ SALCEDO', '385', 'N', 'N/A', 'Cali', 'N', '', '', '', '', '', '', '', '', '', ''),
(572, '41678324', 'MARIA DEL ROSARIO', 'GUTIERREZ HENRIQUEZ', '874', 'N', 'N/A', 'Cali', 'N', '', '', '', '', '', '', '', '', '', ''),
(573, '24584817', 'SULNERY  ', 'GARCIA PATIÑO', '495', 'N', 'N/A', 'Cali', 'N', '', '', '', '', '', '', '', '', '', ''),
(574, '51668973', 'PATRICIA  ', 'BELTRAN MENDEZ', '738', 'N', 'N/A', 'Cali', 'N', '', '', '', '', '', '', '', '', '', ''),
(575, '52029097', 'DIANA MARIA ', 'RODRIGUEZ SANTAMARIA', '842', 'N', 'N/A', 'Cali', 'N', '', '', '', '', '', '', '', '', '', ''),
(576, '1077033805', 'LINDA JESSENIA ', 'GONZALEZ AMAYA', '784', 'N', 'N/A', 'Cali', 'N', '', '', '', '', '', '', '', '', '', ''),
(589, '52690343', 'Ademid', 'VELA PAEZ', 'S/E', 'N', 'N/A14', 'Cali', 'N', '', '', '', '', '', '', '', '', '', '');

-- --------------------------------------------------------

--
-- Estructura de tabla para la tabla `tipo`
--

CREATE TABLE `tipo` (
  `ID` int(10) NOT NULL,
  `username` varchar(100) NOT NULL,
  `pass` varchar(12) NOT NULL,
  `correo` varchar(255) NOT NULL,
  `rol` varchar(20) NOT NULL,
  `activo` tinyint(1) NOT NULL DEFAULT 1
) ENGINE=InnoDB DEFAULT CHARSET=utf8mb4 COLLATE=utf8mb4_general_ci;

--
-- Volcado de datos para la tabla `tipo`
--

INSERT INTO `tipo` (`ID`, `username`, `pass`, `correo`, `rol`, `activo`) VALUES
(1, 'Admin', '123456', 'tesoreria@coopserp.com', 'Administrador', 1),
(53, 'Consultante', '123', 'santicashe0920@gmail.com', 'Consultante', 1);

--
-- Índices para tablas volcadas
--

--
-- Indices de la tabla `documentopn`
--
ALTER TABLE `documentopn`
  ADD PRIMARY KEY (`ID`),
  ADD KEY `Foranea` (`ID_Persona`);

--
-- Indices de la tabla `documentosintesis`
--
ALTER TABLE `documentosintesis`
  ADD PRIMARY KEY (`ID`),
  ADD KEY `Foranea4` (`ID_Persona`);

--
-- Indices de la tabla `documentot`
--
ALTER TABLE `documentot`
  ADD KEY `Foranea3` (`ID_Persona`);

--
-- Indices de la tabla `persona`
--
ALTER TABLE `persona`
  ADD PRIMARY KEY (`ID`);

--
-- Indices de la tabla `tipo`
--
ALTER TABLE `tipo`
  ADD PRIMARY KEY (`ID`);

--
-- AUTO_INCREMENT de las tablas volcadas
--

--
-- AUTO_INCREMENT de la tabla `documentopn`
--
ALTER TABLE `documentopn`
  MODIFY `ID` int(10) NOT NULL AUTO_INCREMENT, AUTO_INCREMENT=685;

--
-- AUTO_INCREMENT de la tabla `documentosintesis`
--
ALTER TABLE `documentosintesis`
  MODIFY `ID` int(10) NOT NULL AUTO_INCREMENT, AUTO_INCREMENT=685;

--
-- AUTO_INCREMENT de la tabla `persona`
--
ALTER TABLE `persona`
  MODIFY `ID` int(10) NOT NULL AUTO_INCREMENT, AUTO_INCREMENT=590;

--
-- AUTO_INCREMENT de la tabla `tipo`
--
ALTER TABLE `tipo`
  MODIFY `ID` int(10) NOT NULL AUTO_INCREMENT, AUTO_INCREMENT=54;
COMMIT;

/*!40101 SET CHARACTER_SET_CLIENT=@OLD_CHARACTER_SET_CLIENT */;
/*!40101 SET CHARACTER_SET_RESULTS=@OLD_CHARACTER_SET_RESULTS */;
/*!40101 SET COLLATION_CONNECTION=@OLD_COLLATION_CONNECTION */;
